video_id,likes
87185,0
9431,0
40599,0
494,0
73942,0
6918,0
28520,0
37462,0
37920,0
41158,0
82342,0
35914,0
33707,0
33016,0
68236,0
74670,0
26220,0
69750,0
33750,0
78572,0
18247,0
53969,0
55834,0
5280,0
16560,0
78191,0
7101,0
23670,0
41341,0
45494,0
15902,0
42456,0
15124,0
14119,0
85189,0
75942,0
76850,0
50920,0
45209,0
33500,0
79253,0
6588,0
47194,0
703,0
32665,0
45098,0
8974,0
18730,0
69807,0
37938,0
73972,0
36442,0
31466,0
43499,0
76705,0
27895,0
68748,0
33457,0
20210,0
34982,0
62476,0
2212,0
871,0
18267,0
57652,0
10226,0
56634,0
89145,0
66608,0
87430,0
22375,0
76538,0
64571,0
33184,0
70899,0
70140,0
39752,0
27375,0
65784,0
51939,0
44983,0
19416,0
11992,0
28787,0
33779,0
10483,0
62103,0
27651,0
28996,0
44617,0
42107,0
77713,0
74295,0
52653,0
55629,0
12372,0
22336,0
43869,0
44725,0
53592,0
63345,0
38917,0
15925,0
53227,0
21676,0
37250,0
60762,0
85161,0
43279,0
26558,0
5043,0
34014,0
21634,0
75225,0
47677,0
50325,0
17989,0
87040,0
48550,0
20407,0
84634,0
6128,0
33151,0
55723,0
75161,0
82444,0
42541,0
86978,0
73659,0
32096,0
72347,0
70641,0
38853,0
81094,0
17830,0
89051,0
46446,0
87268,0
51051,0
6469,0
68243,0
42413,0
30211,0
73104,0
17983,0
8109,0
10063,0
72125,0
69269,0
24294,0
42253,0
85045,0
84323,0
79367,0
5769,0
47535,0
34877,0
5797,0
59696,0
76282,0
70183,0
36172,0
65326,0
64702,0
51485,0
63785,0
74356,0
62823,0
63105,0
39676,0
35830,0
80177,0
16179,0
78541,0
74025,0
25783,0
86696,0
18198,0
60604,0
36314,0
79088,0
55148,0
55149,0
49980,0
49975,0
37619,0
89129,0
78756,0
10595,0
23426,0
74403,0
84410,0
83057,0
88859,0
11995,0
80997,0
47160,0
57403,0
44122,0
8980,0
60742,0
11480,0
46114,0
65940,0
33090,0
36521,0
14901,0
54222,0
2023,0
38577,0
11069,0
79061,0
28026,0
40968,0
55499,0
6742,0
32023,0
5737,0
82852,0
26192,0
59591,0
28618,0
23241,0
8587,0
8198,0
50644,0
27869,0
33769,0
2273,0
58547,0
54851,0
25983,0
2505,0
60533,0
8466,0
2872,0
72762,0
82766,0
86138,0
37224,0
12783,0
46781,0
85480,0
76954,0
42636,0
87707,0
15821,0
22839,0
45655,0
85529,0
26191,0
8324,0
24977,0
10320,0
78160,0
82093,0
18398,0
52093,0
1847,0
73340,0
55045,0
8152,0
45610,0
1386,0
30989,0
11660,0
14512,0
31186,0
85402,0
4972,0
39086,0
78773,0
59115,0
38062,0
83310,0
29214,0
39143,0
13344,0
46464,0
59158,0
26731,0
80859,0
30047,0
82036,0
67615,0
48251,0
83877,0
35563,0
78432,0
10674,0
2707,0
15755,0
1302,0
10770,0
51951,0
88370,0
82403,0
41166,0
26631,0
74981,0
70240,0
81438,0
44236,0
48506,0
45700,0
36770,0
79196,0
76047,0
86015,0
53931,0
47943,0
46054,0
34569,0
40171,0
82905,0
86497,0
19873,0
80048,0
13881,0
60902,0
64234,0
25909,0
11431,0
59394,0
53888,0
9105,0
34281,0
85375,0
37238,0
204,0
34769,0
49293,0
81966,0
82594,0
77516,0
19943,0
40853,0
46826,0
60057,0
61198,0
44911,0
38140,0
7974,0
16711,0
77194,0
4652,0
10504,0
65418,0
9226,0
67431,0
8235,0
15441,0
82959,0
8373,0
12273,0
10710,0
40027,0
59142,0
7585,0
54848,0
71290,0
6202,0
1413,0
26640,0
25896,0
7232,0
42921,0
16708,0
79931,0
80383,0
33147,0
80,0
37071,0
59448,0
83593,0
82051,0
82374,0
48638,0
68980,0
10037,0
2596,0
78463,0
43360,0
80029,0
81889,0
44061,0
70124,0
60973,0
43017,0
15208,0
9023,0
21972,0
48766,0
59061,0
15974,0
33824,0
68685,0
57706,0
35872,0
30587,0
50352,0
10367,0
64108,0
82169,0
61239,0
21088,0
9048,0
15641,0
61922,0
1204,0
79402,0
78352,0
82323,0
61886,0
37919,0
11450,0
60680,0
10683,0
13855,0
5478,0
41657,0
41880,0
31696,0
12726,0
80253,0
40384,0
69993,0
11142,0
56795,0
5677,0
59542,0
16356,0
76090,0
46286,0
12138,0
6089,0
25825,0
28653,0
27700,0
85162,0
34169,0
41883,0
65997,0
16747,0
82071,0
88956,0
82665,0
50866,0
43929,0
52767,0
20788,0
63082,0
64761,0
60153,0
285,0
21876,0
1428,0
15410,0
18116,0
87472,0
88497,0
50197,0
18079,0
84619,0
27660,0
65189,0
82058,0
66034,0
84061,0
69006,0
13171,0
25646,0
62836,0
57372,0
12218,0
55767,0
81519,0
45691,0
66876,0
50952,0
20570,0
13601,0
28189,0
9012,0
23619,0
83835,0
49669,0
17865,0
3995,0
39858,0
68334,0
56953,0
4201,0
32121,0
28043,0
32050,0
14101,0
81143,0
31315,0
8310,0
24671,0
61528,0
34554,0
23803,0
66329,0
46374,0
14044,0
69666,0
15173,0
56481,0
19946,0
59964,0
9245,0
72944,0
9677,0
22740,0
62414,0
6521,0
89204,0
68378,0
22853,0
84333,0
30413,0
21860,0
28951,0
75768,0
45788,0
70691,0
37105,0
4310,0
73176,0
40887,0
67454,0
17121,0
80528,0
28949,0
73741,0
49760,0
78088,0
3038,0
4114,0
24720,0
81587,0
24558,0
84556,0
22821,0
86777,0
45110,0
72588,0
14403,0
427,0
41442,0
18761,0
84666,0
79575,0
86572,0
41454,0
14358,0
78967,0
57305,0
5215,0
7564,0
12604,0
45775,0
48090,0
70650,0
68310,0
77132,0
13162,0
88458,0
25776,0
3158,0
46416,0
86452,0
40204,0
22410,0
83223,0
38804,0
83450,0
36144,0
29436,0
64593,0
26285,0
57473,0
16051,0
42551,0
7228,0
54575,0
39125,0
42188,0
28860,0
45419,0
44259,0
57748,0
78574,0
12228,0
54308,0
16771,0
33982,0
42442,0
6833,0
46962,0
73309,0
75932,0
87583,0
17862,0
56665,0
48680,0
15655,0
53500,0
52637,0
45729,0
47315,0
839,0
36291,0
22904,0
39583,0
1942,0
36161,0
89031,0
88804,0
23226,0
29678,0
88917,0
50137,0
80627,0
82046,0
30475,0
28447,0
36934,0
65404,0
85246,0
56080,0
51339,0
55505,0
24212,0
80116,0
56397,0
41932,0
51735,0
48467,0
88017,0
35395,0
36476,0
21141,0
68582,0
5970,0
6181,0
23646,0
9919,0
962,0
82002,0
73728,0
12796,0
83510,0
45357,0
62553,0
71566,0
67174,0
23004,0
1608,0
68114,0
27236,0
89151,0
82525,0
7258,0
12419,0
74768,0
66714,0
4850,0
45964,0
20054,0
52164,0
15220,0
73398,0
68666,0
85625,0
3189,0
39768,0
75637,0
30310,0
51323,0
64720,0
28339,0
14915,0
59865,0
83566,0
12932,0
52663,0
62776,0
22865,0
6947,0
61625,0
64749,0
81569,0
14981,0
70434,0
43340,0
15289,0
87701,0
81352,0
62252,0
33772,0
80823,0
79049,0
22460,0
75780,0
22977,0
73797,0
8789,0
1733,0
31771,0
22276,0
23897,0
11855,0
317,0
68440,0
50622,0
9463,0
59294,0
49517,0
65217,0
78052,0
29288,0
42174,0
2002,0
85782,0
87726,0
69303,0
2566,0
82135,0
80421,0
72117,0
45307,0
33676,0
86078,0
12922,0
5199,0
51439,0
45272,0
21546,0
48378,0
80108,0
9723,0
55259,0
5421,0
69633,0
80020,0
85368,0
54107,0
38003,0
42553,0
3732,0
6890,0
15568,0
68093,0
5330,0
24741,0
64601,0
59063,0
641,0
24324,0
18911,0
20823,0
75035,0
50256,0
56686,0
33967,0
78375,0
30459,0
87341,0
5661,0
69242,0
6747,0
11002,0
51199,0
9619,0
44142,0
17717,0
25012,0
37376,0
24608,0
27294,0
11943,0
26830,0
58375,0
82909,0
8050,0
89125,0
62876,0
30885,0
16022,0
23435,0
74179,0
50415,0
52969,0
8010,0
34107,0
85392,0
76687,0
76336,0
88252,0
4319,0
62715,0
37472,0
59167,0
61989,0
84659,0
48521,0
78846,0
71223,0
48392,0
68011,0
64612,0
74830,0
65658,0
53794,0
1943,0
23327,0
2591,0
10249,0
35189,0
19465,0
25241,0
63702,0
47545,0
89097,0
76476,0
63010,0
61687,0
62850,0
86718,0
34823,0
42329,0
658,0
56624,0
83781,0
14282,0
38609,0
79636,0
35252,0
73924,0
16775,0
68892,0
61060,0
8602,0
51276,0
9780,0
49731,0
27434,0
3507,0
70145,0
32862,0
25254,0
2418,0
66620,0
14704,0
11548,0
32657,0
73459,0
80594,0
25741,0
12463,0
64439,0
17496,0
9429,0
53105,0
21849,0
50195,0
81529,0
7793,0
25669,0
55797,0
85240,0
24458,0
37847,0
40370,0
35385,0
66176,0
28535,0
85941,0
23757,0
77953,0
51006,0
53932,0
8979,0
15939,0
14219,0
25993,0
12985,0
74808,0
46647,0
7652,0
17754,0
31643,0
67282,0
41670,0
16023,0
63191,0
52762,0
4012,0
51115,0
61884,0
16102,0
35768,0
37871,0
30558,0
71547,0
2443,0
13683,0
38886,0
22672,0
4248,0
10019,0
87077,0
69358,0
61119,0
83366,0
87201,0
88307,0
3446,0
77115,0
87017,0
89074,0
66107,0
9259,0
59044,0
54499,0
53353,0
10748,0
39725,0
23908,0
38792,0
69361,0
71693,0
83868,0
29446,0
6799,0
54313,0
52156,0
47567,0
31363,0
81658,0
11186,0
42490,0
66671,0
51802,0
84345,0
1785,0
17160,0
13381,0
49870,0
50570,0
28721,0
50648,0
72052,0
72023,0
7704,0
7285,0
49184,0
18017,0
49693,0
5867,0
67091,0
29478,0
72213,0
69050,0
70842,0
77325,0
54798,0
65142,0
26931,0
74599,0
56229,0
57072,0
50722,0
7128,0
16654,0
84586,0
77052,0
21706,0
28542,0
55334,0
29807,0
60960,0
67090,0
43269,0
24991,0
28006,0
11112,0
43544,0
6223,0
53586,0
66260,0
23446,0
76725,0
40299,0
48341,0
16231,0
40740,0
46365,0
59692,0
18141,0
25661,0
62115,0
20014,0
69944,0
35477,0
59035,0
12845,0
69219,0
44121,0
53859,0
75581,0
23213,0
374,0
36790,0
31190,0
73024,0
46072,0
58521,0
23853,0
42661,0
7396,0
76278,0
81848,0
32636,0
18908,0
40190,0
81219,0
65421,0
37403,0
19615,0
68245,0
42417,0
66709,0
71763,0
7470,0
1023,0
8636,0
38286,0
6717,0
84800,0
25821,0
23625,0
61210,0
53208,0
47266,0
40270,0
34328,0
37589,0
24372,0
50571,0
5604,0
71108,0
41648,0
13483,0
19835,0
77511,0
55892,0
29388,0
61586,0
16966,0
64257,0
635,0
47981,0
10054,0
12917,0
58568,0
53536,0
28469,0
55727,0
55139,0
54021,0
18063,0
30261,0
36684,0
70881,0
65746,0
56167,0
54797,0
12236,0
66756,0
49858,0
65422,0
11014,0
58225,0
52104,0
54422,0
30207,0
23431,0
34992,0
65683,0
72603,0
27971,0
2592,0
9701,0
28323,0
56266,0
42420,0
47870,0
38090,0
39525,0
22834,0
60549,0
4264,0
19425,0
19285,0
75897,0
4217,0
15426,0
30345,0
83058,0
21138,0
87090,0
9869,0
13590,0
59405,0
8140,0
23384,0
80825,0
38360,0
81220,0
66044,0
5409,0
67711,0
61111,0
5120,0
15460,0
62945,0
80455,0
80906,0
17254,0
64655,0
71823,0
80545,0
45770,0
67027,0
10878,0
83030,0
88290,0
61724,0
32401,0
78235,0
20027,0
65278,0
68109,0
26214,0
16138,0
50855,0
69978,0
37208,0
15726,0
11109,0
56270,0
56989,0
59350,0
83827,0
47548,0
30299,0
39011,0
12836,0
58797,0
35579,0
47930,0
19265,0
58377,0
72446,0
24611,0
41169,0
55846,0
31717,0
17877,0
32221,0
28450,0
10150,0
15493,0
42335,0
66028,0
74817,0
19092,0
51304,0
79754,0
19650,0
51515,0
38357,0
86514,0
15697,0
3432,0
81107,0
87718,0
26156,0
37799,0
24926,0
12937,0
37510,0
47855,0
6113,0
51799,0
24692,0
31851,0
9055,0
83213,0
13093,0
53384,0
60200,0
27761,0
72183,0
72386,0
14702,0
46280,0
56536,0
74469,0
34964,0
30959,0
23042,0
13844,0
64245,0
3506,0
52064,0
66874,0
82087,0
22940,0
61047,0
48696,0
44548,0
84940,0
70473,0
82727,0
79958,0
9550,0
2798,0
86399,0
82983,0
69444,0
76627,0
75301,0
15647,0
5832,0
35192,0
11991,0
29960,0
38889,0
73509,0
72140,0
69231,0
77302,0
57364,0
2109,0
1588,0
47425,0
44577,0
44967,0
36284,0
85935,0
45552,0
58237,0
69406,0
20168,0
68075,0
30924,0
9024,0
79116,0
56612,0
5629,0
61648,0
85863,0
69699,0
52922,0
74674,0
39411,0
83331,0
67103,0
51089,0
17868,0
57939,0
3932,0
25287,0
6149,0
41728,0
80191,0
83913,0
34091,0
84918,0
46422,0
40197,0
73704,0
1323,0
40885,0
48272,0
10248,0
22557,0
14932,0
10871,0
58058,0
45783,0
36993,0
87620,0
9465,0
18224,0
48091,0
73110,0
52584,0
10299,0
88406,0
19594,0
78718,0
82517,0
30038,0
73478,0
26243,0
57338,0
62104,0
60205,0
19515,0
32314,0
83800,0
82170,0
12627,0
40436,0
86768,0
31881,0
8840,0
16154,0
60372,0
29831,0
67237,0
19871,0
82841,0
54374,0
38651,0
2215,0
78006,0
54785,0
55888,0
40224,0
63123,0
51217,0
64960,0
30072,0
20330,0
63307,0
56564,0
22024,0
64084,0
19874,0
4546,0
57460,0
24447,0
75408,0
54889,0
39574,0
74993,0
68726,0
87838,0
20587,0
66496,0
58396,0
4581,0
27519,0
18789,0
77023,0
78852,0
22662,0
88973,0
17012,0
88615,0
34528,0
25938,0
69348,0
68143,0
35894,0
74632,0
47375,0
60926,0
66494,0
41110,0
79421,0
63822,0
27720,0
64861,0
34792,0
34153,0
53827,0
87911,0
18162,0
46044,0
89005,0
12353,0
59441,0
602,0
73947,0
13929,0
8742,0
17175,0
47348,0
26978,0
68964,0
39506,0
68171,0
55014,0
69345,0
65357,0
82113,0
41871,0
68313,0
34709,0
32592,0
13294,0
67523,0
24162,0
66795,0
46295,0
18472,0
48250,0
3641,0
87180,0
44602,0
66456,0
79287,0
43635,0
11926,0
39128,0
21513,0
78999,0
1049,0
54472,0
61476,0
31397,0
83683,0
40315,0
14406,0
67685,0
28711,0
52096,0
39361,0
40637,0
2718,0
3955,0
63497,0
6555,0
56608,0
73754,0
6883,0
49287,0
25106,0
42565,0
80931,0
81868,0
21186,0
2339,0
29919,0
1782,0
68222,0
40834,0
87378,0
24568,0
51486,0
47757,0
53776,0
8581,0
65828,0
32290,0
73006,0
76594,0
55525,0
20855,0
38505,0
87279,0
5801,0
23013,0
29574,0
64100,0
9013,0
34952,0
73963,0
41365,0
30697,0
84724,0
29861,0
42189,0
1604,0
30241,0
55395,0
22732,0
68413,0
7162,0
44339,0
80559,0
63114,0
69343,0
58017,0
62240,0
59632,0
34260,0
4214,0
83130,0
56466,0
47920,0
16538,0
41121,0
33837,0
53687,0
252,0
56613,0
14756,0
23440,0
43888,0
4570,0
53733,0
53223,0
57812,0
49401,0
19717,0
43826,0
61162,0
78866,0
52078,0
49603,0
34767,0
32832,0
75432,0
75157,0
50194,0
73800,0
83743,0
4631,0
17863,0
80138,0
48552,0
75358,0
88038,0
34197,0
20055,0
1796,0
16445,0
13454,0
51972,0
26759,0
18884,0
60908,0
22205,0
9969,0
28607,0
6909,0
84337,0
16511,0
81786,0
81296,0
73887,0
12338,0
76525,0
49999,0
60232,0
82280,0
20016,0
85809,0
58050,0
22658,0
55740,0
42020,0
10464,0
62396,0
33932,0
26025,0
2146,0
9650,0
38720,0
86881,0
56390,0
19197,0
1196,0
75523,0
25754,0
14575,0
37905,0
63467,0
76309,0
81405,0
84667,0
24984,0
34060,0
49806,0
73912,0
37637,0
74542,0
34960,0
57618,0
45123,0
48300,0
72146,0
65956,0
49427,0
46851,0
42397,0
9977,0
1909,0
12790,0
87447,0
83476,0
74386,0
173,0
34275,0
44954,0
58456,0
34533,0
67707,0
3330,0
13516,0
59730,0
18545,0
32597,0
85525,0
34828,0
70453,0
79135,0
40569,0
63455,0
85048,0
72949,0
67912,0
8951,0
73925,0
1861,0
59282,0
48020,0
1681,0
25450,0
31369,0
19043,0
75891,0
12873,0
52883,0
75749,0
86794,0
24315,0
38007,0
22765,0
71859,0
57773,0
68883,0
70618,0
36516,0
61017,0
4173,0
49275,0
23773,0
33281,0
4991,0
54123,0
67257,0
36396,0
14939,0
11789,0
20291,0
13113,0
16641,0
61495,0
33006,0
7745,0
72925,0
43480,0
82234,0
52030,0
67892,0
20022,0
78224,0
69470,0
81078,0
62577,0
51324,0
62930,0
39404,0
51959,0
72890,0
44916,0
62254,0
65503,0
19682,0
61194,0
66929,0
24467,0
43610,0
2695,0
71921,0
54993,0
17169,0
67100,0
68828,0
43099,0
77431,0
85608,0
23947,0
66822,0
77566,0
65194,0
21010,0
81544,0
88236,0
3129,0
87345,0
82491,0
83971,0
67980,0
54100,0
18787,0
81715,0
83286,0
76638,0
54970,0
68810,0
45526,0
19990,0
3588,0
49686,0
58821,0
53185,0
24434,0
28437,0
72966,0
74173,0
76808,0
80129,0
5443,0
62923,0
16290,0
54248,0
45347,0
77651,0
47422,0
61156,0
88229,0
84096,0
64610,0
33428,0
72675,0
49380,0
13254,0
62053,0
17243,0
88403,0
16251,0
60732,0
53395,0
31083,0
53593,0
34513,0
10800,0
33001,0
30621,0
77791,0
68156,0
11783,0
70902,0
32653,0
7692,0
10946,0
28609,0
17144,0
51877,0
75783,0
87965,0
214,0
26158,0
73199,0
67945,0
34334,0
1086,0
47310,0
66411,0
28192,0
38603,0
44985,0
2537,0
38400,0
57719,0
54453,0
69945,0
74627,0
6891,0
35180,0
21145,0
81095,0
46538,0
60891,0
67738,0
29425,0
29841,0
42864,0
46012,0
8042,0
5506,0
79150,0
80428,0
52371,0
76527,0
1272,0
48314,0
82465,0
39244,0
73391,0
17415,0
59203,0
69567,0
86775,0
9678,0
54171,0
83224,0
34033,0
81556,0
32477,0
80437,0
60892,0
31487,0
18994,0
64482,0
11368,0
33407,0
41281,0
57067,0
42762,0
79528,0
36032,0
18203,0
64532,0
8715,0
84471,0
46791,0
68375,0
65243,0
87506,0
16053,0
35562,0
79762,0
85418,0
86571,0
15100,0
55079,0
82572,0
70273,0
31314,0
60257,0
56367,0
35462,0
40357,0
44714,0
84557,0
82210,0
23291,0
5222,0
76121,0
73747,0
47818,0
83467,0
31723,0
72378,0
52144,0
14855,0
86658,0
85163,0
46922,0
82,0
45759,0
44373,0
38995,0
86430,0
69498,0
83046,0
52737,0
73312,0
29548,0
46623,0
3179,0
27870,0
88274,0
51635,0
44412,0
108,0
32001,0
146,0
75651,0
43714,0
3924,0
43774,0
18741,0
82048,0
30347,0
55420,0
27368,0
5441,0
27073,0
16423,0
30348,0
9224,0
71144,0
34525,0
83334,0
21334,0
81331,0
1287,0
64413,0
60626,0
16485,0
33049,0
40161,0
16948,0
19012,0
42598,0
74590,0
5230,0
20497,0
70438,0
33907,0
5285,0
31637,0
62460,0
70266,0
22676,0
11043,0
18387,0
75499,0
65638,0
62019,0
21850,0
54951,0
47707,0
87134,0
19114,0
7336,0
21834,0
52141,0
6647,0
56591,0
30776,0
61487,0
61207,0
88801,0
51215,0
36909,0
76418,0
26299,0
15856,0
29234,0
81069,0
81951,0
4008,0
43436,0
6342,0
29953,0
79492,0
77210,0
8356,0
43032,0
85776,0
63612,0
50927,0
52664,0
10259,0
17913,0
37024,0
24389,0
21874,0
32565,0
27875,0
3973,0
87449,0
28356,0
8801,0
30353,0
36156,0
80982,0
28337,0
14332,0
33359,0
32190,0
19987,0
15330,0
72817,0
44884,0
54997,0
23751,0
15987,0
12245,0
81113,0
76132,0
51483,0
33254,0
76759,0
33646,0
67895,0
83267,0
72607,0
52818,0
5723,0
60848,0
970,0
2195,0
33386,0
86176,0
69017,0
78255,0
42099,0
14102,0
81737,0
80862,0
89243,0
24970,0
80307,0
66450,0
16522,0
52111,0
68129,0
16541,0
44340,0
48337,0
31099,0
32286,0
34326,0
13484,0
61367,0
44020,0
32907,0
13776,0
70330,0
16421,0
32144,0
58257,0
35394,0
6238,0
10482,0
70985,0
61318,0
15174,0
46415,0
57859,0
64731,0
56922,0
9183,0
40931,0
44656,0
85983,0
48301,0
54104,0
79595,0
183,0
3215,0
69344,0
22021,0
1830,0
88748,0
35679,0
30004,0
38255,0
32740,0
40062,0
62826,0
55263,0
63398,0
29464,0
82148,0
80811,0
71273,0
36738,0
54522,0
9121,0
47826,0
3896,0
74657,0
21979,0
58430,0
82826,0
40565,0
17585,0
62749,0
63433,0
1729,0
59189,0
76425,0
11674,0
636,0
43354,0
33958,0
12022,0
50266,0
69129,0
86949,0
60609,0
43828,0
74176,0
68548,0
37872,0
76447,0
48451,0
51935,0
53250,0
65936,0
8657,0
29208,0
54781,0
87953,0
87259,0
62952,0
31467,0
68428,0
88769,0
6809,0
34227,0
17662,0
8079,0
29336,0
44469,0
5816,0
13934,0
74085,0
77666,0
74266,0
64436,0
17056,0
44991,0
17367,0
14461,0
2270,0
83144,0
75080,0
64557,0
65438,0
403,0
13775,0
16606,0
36869,0
33767,0
39104,0
16225,0
85106,0
63537,0
44197,0
59625,0
73043,0
62398,0
57781,0
4697,0
59238,0
15498,0
69697,0
36649,0
13799,0
83512,0
51821,0
54182,0
61727,0
65583,0
24760,0
17006,0
73348,0
52405,0
59444,0
2647,0
47667,0
45580,0
10750,0
67741,0
7335,0
26236,0
51988,0
59752,0
33553,0
68216,0
79008,0
84266,0
35840,0
80575,0
27124,0
55547,0
41022,0
79187,0
41710,0
406,0
22958,0
54731,0
83194,0
52925,0
12927,0
80976,0
30521,0
58784,0
72510,0
33028,0
49976,0
88417,0
62120,0
21280,0
55911,0
66451,0
23592,0
23871,0
21825,0
73588,0
63198,0
57497,0
74778,0
73712,0
12732,0
82288,0
12368,0
81389,0
80770,0
31743,0
5468,0
87763,0
76313,0
79653,0
63899,0
70594,0
21684,0
32159,0
81621,0
80264,0
41900,0
71723,0
67122,0
71156,0
85248,0
22442,0
86395,0
31349,0
47814,0
56039,0
13733,0
66766,0
18728,0
65937,0
29710,0
80721,0
30616,0
27985,0
51416,0
1095,0
22178,0
68660,0
66194,0
21351,0
78961,0
34906,0
27487,0
13606,0
35912,0
37222,0
68665,0
26146,0
15751,0
57741,0
68669,0
83086,0
20137,0
55584,0
64315,0
73856,0
54872,0
75788,0
51021,0
88020,0
18670,0
19910,0
67339,0
15652,0
63389,0
33160,0
75308,0
77534,0
82911,0
7061,0
35779,0
53024,0
67504,0
60992,0
32888,0
19027,0
32548,0
72277,0
47456,0
61900,0
32547,0
26407,0
3489,0
33277,0
37856,0
73582,0
44550,0
586,0
44205,0
58108,0
50918,0
39021,0
86175,0
13195,0
3303,0
27528,0
16297,0
13568,0
83395,0
34517,0
83163,0
85299,0
7378,0
64559,0
29456,0
21459,0
46859,0
72478,0
42849,0
36210,0
14025,0
48041,0
71300,0
58113,0
41994,0
62854,0
13172,0
5596,0
10489,0
75887,0
25332,0
40108,0
5990,0
76760,0
57956,0
50912,0
22043,0
77183,0
29892,0
18788,0
42436,0
51856,0
29335,0
30976,0
29577,0
54769,0
9367,0
76849,0
36953,0
17098,0
7770,0
67170,0
48167,0
81550,0
86249,0
13403,0
79882,0
42651,0
25050,0
81878,0
75350,0
72726,0
39415,0
12233,0
76814,0
18429,0
3004,0
57016,0
88244,0
18589,0
40386,0
21344,0
80797,0
78906,0
68345,0
7492,0
30457,0
12365,0
88112,0
80517,0
33069,0
85871,0
88634,0
64758,0
13347,0
21443,0
9846,0
1402,0
79864,0
22987,0
11973,0
82430,0
41751,0
49333,0
70801,0
2716,0
1077,0
87199,0
75590,0
39688,0
9737,0
20718,0
28774,0
39430,0
44944,0
71015,0
8831,0
12226,0
68183,0
13693,0
27283,0
22696,0
76846,0
49550,0
41518,0
56585,0
26113,0
82184,0
26780,0
83649,0
26385,0
66138,0
34543,0
63306,0
10690,0
82027,0
60557,0
54639,0
58373,0
78451,0
70791,0
88990,0
38054,0
67056,0
73768,0
73381,0
47668,0
28493,0
31082,0
82889,0
64317,0
25502,0
41723,0
47522,0
68708,0
17402,0
63334,0
51560,0
72291,0
32461,0
63049,0
10929,0
22162,0
6282,0
4926,0
13401,0
11914,0
72824,0
76103,0
84695,0
65823,0
88360,0
27778,0
6534,0
60739,0
84216,0
24373,0
28629,0
49014,0
22444,0
38479,0
27,0
86255,0
73141,0
51547,0
5724,0
70309,0
34551,0
55672,0
82738,0
30694,0
25019,0
37906,0
17519,0
88541,0
54996,0
44929,0
15873,0
9142,0
12775,0
48929,0
6430,0
5989,0
62855,0
25201,0
50618,0
19566,0
13450,0
72465,0
45044,0
28921,0
74511,0
8616,0
14962,0
87010,0
9255,0
42065,0
60787,0
48148,0
50069,0
68135,0
80552,0
49609,0
23997,0
56117,0
34681,0
70490,0
39885,0
83424,0
34022,0
33898,0
42539,0
67614,0
6292,0
46643,0
84437,0
8550,0
34063,0
53254,0
13485,0
59301,0
23469,0
54536,0
16619,0
59530,0
12034,0
82358,0
16621,0
61123,0
62679,0
7402,0
89189,0
17030,0
81006,0
45493,0
80908,0
18318,0
80296,0
67269,0
61465,0
21303,0
45079,0
46740,0
39441,0
66972,0
60360,0
18549,0
18532,0
40523,0
32188,0
21748,0
63468,0
36812,0
71073,0
85455,0
33949,0
64933,0
64,0
29825,0
74370,0
52253,0
4468,0
70674,0
29509,0
83818,0
33550,0
76499,0
52,0
77532,0
73871,0
46411,0
69593,0
37515,0
65295,0
36154,0
35083,0
70387,0
88213,0
18152,0
55047,0
32384,0
27402,0
64786,0
59426,0
49060,0
84773,0
12468,0
68763,0
73759,0
52668,0
16813,0
4749,0
54401,0
40667,0
5831,0
40257,0
42106,0
47739,0
31905,0
55663,0
22413,0
19477,0
13600,0
13157,0
67309,0
22657,0
17131,0
34218,0
71274,0
84561,0
53857,0
64740,0
27680,0
18674,0
41923,0
50863,0
49533,0
35085,0
17013,0
46024,0
4566,0
25110,0
8752,0
6802,0
81319,0
42395,0
50359,0
25026,0
7878,0
76014,0
72032,0
68788,0
8628,0
30778,0
81190,0
2482,0
58233,0
60754,0
69089,0
9265,0
67364,0
33737,0
79960,0
37195,0
46511,0
36297,0
54134,0
1956,0
86084,0
26619,0
36212,0
60301,0
73651,0
32999,0
35885,0
26970,0
19199,0
46924,0
44518,0
65459,0
11596,0
69951,0
9170,0
58629,0
11138,0
4213,0
77771,0
42263,0
11564,0
85358,0
55543,0
25361,0
34082,0
51388,0
8205,0
80354,0
75727,0
34950,0
74947,0
63761,0
40642,0
74957,0
74061,0
16376,0
83211,0
77163,0
10304,0
17834,0
52113,0
88976,0
55445,0
87807,0
50775,0
46349,0
10302,0
13761,0
72866,0
82864,0
70010,0
58159,0
88510,0
66449,0
34228,0
68399,0
64607,0
68704,0
71335,0
39019,0
53244,0
22456,0
35191,0
82153,0
71577,0
37855,0
31067,0
69127,0
7284,0
65368,0
17978,0
28842,0
33941,0
63409,0
15922,0
74046,0
8222,0
25930,0
82730,0
62739,0
21346,0
66777,0
40602,0
70601,0
7144,0
39544,0
66785,0
72893,0
55406,0
46694,0
44022,0
27750,0
89073,0
76530,0
22988,0
72263,0
52273,0
74407,0
4460,0
41144,0
65325,0
53539,0
83992,0
71977,0
1949,0
4530,0
14895,0
4122,0
48567,0
84842,0
74462,0
8068,0
41240,0
1366,0
79089,0
45335,0
88841,0
86243,0
39416,0
55799,0
19526,0
6598,0
55319,0
89017,0
17518,0
86091,0
76736,0
9516,0
12820,0
24818,0
40344,0
17787,0
9440,0
74339,0
87337,0
70861,0
26601,0
43645,0
24957,0
57095,0
46000,0
58118,0
52135,0
68280,0
78132,0
26493,0
36778,0
7617,0
88762,0
78825,0
45547,0
38926,0
42747,0
79881,0
34869,0
62063,0
60218,0
46435,0
55821,0
23349,0
25323,0
54245,0
36270,0
50368,0
31791,0
83997,0
87655,0
47923,0
56785,0
76575,0
32162,0
28855,0
2841,0
42844,0
41329,0
50902,0
41029,0
20611,0
64542,0
54988,0
36845,0
63100,0
6112,0
24347,0
88974,0
78106,0
87120,0
64047,0
50946,0
42425,0
42009,0
48047,0
44151,0
87799,0
2113,0
21698,0
64306,0
78218,0
1220,0
4082,0
39070,0
31884,0
10739,0
21477,0
44075,0
7135,0
27417,0
59215,0
40531,0
29490,0
19263,0
20183,0
45265,0
81947,0
17344,0
46512,0
53552,0
88367,0
56306,0
65050,0
36739,0
10409,0
9083,0
84324,0
48253,0
84328,0
36427,0
74654,0
72145,0
42398,0
30339,0
84877,0
47895,0
84976,0
43178,0
81138,0
34394,0
83564,0
53493,0
14325,0
19186,0
84233,0
60461,0
33192,0
12080,0
54390,0
33868,0
37708,0
60410,0
27016,0
83346,0
1028,0
4966,0
66518,0
5086,0
73228,0
7619,0
85500,0
79177,0
8005,0
51081,0
72790,0
30953,0
45701,0
65075,0
44689,0
36727,0
45603,0
13889,0
64525,0
76120,0
76294,0
7453,0
40702,0
28813,0
76986,0
53896,0
23989,0
14225,0
12074,0
80145,0
25613,0
51023,0
40425,0
25428,0
31983,0
40747,0
84733,0
50962,0
12832,0
76038,0
63538,0
65201,0
48998,0
80745,0
84288,0
79639,0
28561,0
70732,0
14121,0
42826,0
76430,0
3030,0
59107,0
6884,0
73706,0
36873,0
3133,0
34004,0
19015,0
53097,0
16155,0
19431,0
27695,0
55983,0
19003,0
24450,0
54454,0
29719,0
40816,0
13778,0
30721,0
21755,0
12488,0
11040,0
50765,0
39791,0
3464,0
47851,0
60145,0
69095,0
66033,0
8942,0
28743,0
69295,0
67253,0
15783,0
46560,0
33548,0
52062,0
29977,0
32934,0
20140,0
31152,0
54740,0
73982,0
57210,0
86623,0
18901,0
25375,0
5360,0
41416,0
47402,0
15350,0
6887,0
63625,0
63162,0
13982,0
35129,0
66467,0
50980,0
20709,0
1814,0
35258,0
87562,0
49358,0
24140,0
32279,0
37306,0
15445,0
85122,0
49628,0
23713,0
65605,0
14743,0
58362,0
45539,0
45581,0
82583,0
26927,0
8882,0
47432,0
60031,0
39994,0
59779,0
25017,0
33072,0
69436,0
88513,0
29077,0
42298,0
27825,0
6405,0
34989,0
25740,0
38142,0
11661,0
87081,0
57855,0
42468,0
10607,0
7660,0
78395,0
796,0
39515,0
31164,0
55565,0
43577,0
44211,0
29115,0
24200,0
75507,0
52021,0
75885,0
59508,0
86464,0
42505,0
10840,0
68482,0
47639,0
82602,0
76901,0
58589,0
2888,0
76124,0
24415,0
6447,0
75067,0
60811,0
13848,0
51854,0
3365,0
39139,0
89226,0
22595,0
84950,0
65263,0
8717,0
23091,0
26918,0
45853,0
25738,0
20467,0
44614,0
33126,0
18676,0
71606,0
50257,0
47685,0
68556,0
7443,0
2247,0
29465,0
71449,0
3908,0
63680,0
42852,0
46772,0
13643,0
89239,0
11491,0
6579,0
492,0
39384,0
16246,0
79655,0
80204,0
63521,0
20713,0
40605,0
51395,0
58881,0
54098,0
36267,0
1176,0
10405,0
17494,0
59037,0
75183,0
2506,0
54863,0
31465,0
79998,0
74809,0
8161,0
60627,0
21974,0
42645,0
8729,0
50984,0
71217,0
74523,0
72326,0
56511,0
74351,0
41395,0
49584,0
2669,0
33233,0
63075,0
4924,0
29258,0
20316,0
15157,0
42236,0
18177,0
80676,0
12048,0
3578,0
73113,0
48005,0
51284,0
30787,0
9621,0
8014,0
49431,0
43835,0
2177,0
68546,0
53095,0
40661,0
67219,0
46084,0
7824,0
64487,0
76150,0
10439,0
32778,0
32516,0
54929,0
20932,0
44604,0
37353,0
3001,0
14428,0
71353,0
67864,0
18938,0
38838,0
84975,0
67405,0
82894,0
27045,0
59139,0
77913,0
48884,0
15490,0
37782,0
76767,0
53535,0
61925,0
14880,0
20829,0
11678,0
74010,0
21609,0
46864,0
57278,0
68615,0
70216,0
19659,0
35750,0
82664,0
17341,0
16922,0
72815,0
37807,0
77770,0
14383,0
30929,0
24316,0
60747,0
12466,0
16289,0
82040,0
23859,0
5253,0
85658,0
13348,0
78542,0
16325,0
1610,0
81494,0
21686,0
11848,0
62229,0
32835,0
34257,0
71640,0
10657,0
82615,0
21007,0
47655,0
71594,0
63957,0
18849,0
7085,0
37419,0
70491,0
28904,0
40379,0
53413,0
36841,0
266,0
140,0
16109,0
74453,0
72900,0
7502,0
31068,0
22012,0
39744,0
15089,0
6831,0
13499,0
85030,0
87015,0
68812,0
11574,0
26350,0
44786,0
36256,0
62304,0
40371,0
36941,0
63120,0
55589,0
21929,0
66956,0
30474,0
44418,0
81990,0
22860,0
34032,0
71413,0
70447,0
41580,0
49473,0
1441,0
35168,0
81768,0
77523,0
70681,0
18086,0
14030,0
57701,0
59611,0
69410,0
17664,0
19021,0
86706,0
72253,0
76599,0
67641,0
8577,0
34729,0
81685,0
65710,0
44782,0
48978,0
25355,0
38001,0
89148,0
66273,0
43200,0
19365,0
82576,0
15488,0
25585,0
57429,0
70766,0
51001,0
2873,0
29380,0
57135,0
42758,0
25841,0
22364,0
79937,0
20329,0
60501,0
12728,0
17484,0
20614,0
40338,0
62847,0
44230,0
30645,0
57856,0
89197,0
68616,0
30109,0
62821,0
39893,0
73721,0
29349,0
67376,0
7090,0
17,0
36633,0
52119,0
17597,0
56093,0
4418,0
77569,0
11655,0
34393,0
74545,0
25526,0
52506,0
77284,0
20820,0
64639,0
28023,0
84909,0
56325,0
75616,0
35751,0
28,0
24703,0
68309,0
54112,0
41351,0
68994,0
44749,0
1888,0
40850,0
44933,0
12510,0
69057,0
45228,0
5446,0
32679,0
30986,0
54727,0
19632,0
27744,0
33957,0
80589,0
57326,0
67357,0
38806,0
83577,0
34655,0
75134,0
21889,0
65679,0
16165,0
24911,0
79799,0
66404,0
25677,0
8170,0
10549,0
31493,0
52055,0
70919,0
44591,0
19189,0
71035,0
6660,0
71998,0
79694,0
30689,0
61324,0
71734,0
62322,0
8996,0
32525,0
55531,0
3877,0
77804,0
47691,0
21657,0
10214,0
16194,0
32233,0
64979,0
66439,0
2876,0
37036,0
41239,0
39312,0
29452,0
40144,0
65120,0
59910,0
27136,0
85135,0
62912,0
51746,0
56888,0
58256,0
10018,0
8325,0
2917,0
59195,0
82192,0
21023,0
30488,0
35585,0
4451,0
25333,0
60987,0
42640,0
81513,0
70451,0
45273,0
69966,0
75379,0
60750,0
54633,0
85012,0
44802,0
62223,0
29091,0
81945,0
65573,0
5568,0
56996,0
63057,0
33702,0
74073,0
46324,0
33668,0
19772,0
40348,0
38698,0
34182,0
18943,0
36875,0
31553,0
79956,0
2420,0
86642,0
5248,0
36139,0
63948,0
82313,0
32573,0
49925,0
60211,0
60825,0
44576,0
49288,0
66309,0
38774,0
25637,0
57116,0
29767,0
48319,0
70879,0
39236,0
55387,0
67817,0
53181,0
70983,0
25056,0
61898,0
23202,0
88944,0
74926,0
84710,0
87097,0
19876,0
40408,0
3254,0
62691,0
78816,0
74569,0
60239,0
39519,0
61100,0
35425,0
74802,0
48708,0
71169,0
50081,0
88034,0
8837,0
61657,0
64785,0
80235,0
71575,0
76221,0
6423,0
13760,0
78275,0
71076,0
14360,0
72846,0
75127,0
11461,0
56697,0
65287,0
79032,0
21875,0
19748,0
64878,0
84110,0
28852,0
70020,0
47825,0
64053,0
86911,0
16136,0
86511,0
78661,0
10097,0
41167,0
57361,0
55863,0
35851,0
57152,0
73184,0
3743,0
17644,0
77918,0
47247,0
79979,0
75710,0
87798,0
41428,0
58313,0
85634,0
81659,0
26863,0
63093,0
53251,0
41217,0
86510,0
18499,0
10776,0
45836,0
14534,0
28204,0
84697,0
17824,0
55630,0
32248,0
5704,0
78838,0
32267,0
19046,0
70597,0
6992,0
10530,0
75253,0
55991,0
30728,0
71602,0
70081,0
52001,0
5106,0
14326,0
63210,0
66993,0
86996,0
81153,0
26383,0
69705,0
31012,0
85434,0
81828,0
30685,0
67643,0
52109,0
46904,0
20068,0
34730,0
49063,0
37081,0
87980,0
71013,0
788,0
30226,0
21901,0
40185,0
59835,0
19795,0
83441,0
55004,0
5050,0
65533,0
39723,0
63295,0
12593,0
38584,0
42154,0
11272,0
44536,0
33272,0
43039,0
51632,0
78602,0
45405,0
79018,0
43951,0
18133,0
36179,0
10113,0
57216,0
595,0
37236,0
60509,0
37428,0
54078,0
41042,0
9160,0
48529,0
78950,0
7688,0
37339,0
37171,0
24675,0
71937,0
14541,0
2478,0
80719,0
7910,0
70321,0
16693,0
65134,0
59820,0
29744,0
77285,0
30900,0
59017,0
7496,0
23204,0
79928,0
9467,0
33356,0
11955,0
19264,0
45019,0
40600,0
49518,0
60603,0
62275,0
54602,0
80044,0
3963,0
7800,0
40771,0
31925,0
40196,0
41242,0
48477,0
15196,0
28770,0
54438,0
41160,0
47849,0
44455,0
72191,0
79726,0
41690,0
36667,0
30629,0
39366,0
16761,0
88982,0
9777,0
46216,0
58325,0
73876,0
70995,0
76156,0
65082,0
69192,0
49149,0
31408,0
8153,0
17696,0
82808,0
26648,0
35469,0
46189,0
5303,0
88189,0
7169,0
29152,0
37277,0
61916,0
46968,0
72498,0
62443,0
84078,0
44481,0
41543,0
20735,0
59287,0
83627,0
38215,0
39418,0
7221,0
75422,0
39339,0
41048,0
10932,0
70723,0
12661,0
14157,0
25971,0
68559,0
60033,0
20463,0
32824,0
74927,0
84941,0
81738,0
41443,0
38150,0
3515,0
88865,0
10628,0
53299,0
7833,0
9370,0
21505,0
48703,0
24329,0
26426,0
23911,0
59124,0
32503,0
44914,0
75483,0
14607,0
32823,0
18306,0
37312,0
74754,0
16303,0
62606,0
76603,0
1125,0
20104,0
39632,0
65630,0
22504,0
67996,0
10533,0
75560,0
38437,0
76522,0
62015,0
12600,0
24063,0
36567,0
61597,0
19394,0
11359,0
29603,0
18410,0
72853,0
25589,0
7778,0
22104,0
77509,0
51876,0
45912,0
10338,0
18236,0
57770,0
25199,0
6924,0
76712,0
49532,0
72449,0
21485,0
55744,0
39985,0
8727,0
40410,0
61133,0
34455,0
28979,0
74876,0
6287,0
15070,0
78415,0
58951,0
21575,0
5020,0
72547,0
9889,0
12394,0
84538,0
1132,0
38205,0
36176,0
65627,0
8263,0
38025,0
40796,0
67620,0
58545,0
77171,0
66798,0
35440,0
78669,0
45309,0
53768,0
61951,0
945,0
23858,0
6233,0
54099,0
4848,0
44219,0
43509,0
26311,0
36831,0
33473,0
66907,0
26988,0
27632,0
82764,0
36148,0
57970,0
28325,0
42596,0
43655,0
59621,0
78662,0
63055,0
50177,0
28468,0
10769,0
30703,0
22854,0
67026,0
39489,0
68172,0
33234,0
88449,0
67200,0
20636,0
24827,0
42806,0
33456,0
28984,0
22026,0
80347,0
85129,0
4814,0
76068,0
54283,0
40080,0
22290,0
17157,0
24523,0
27666,0
51379,0
18060,0
17926,0
68122,0
64884,0
45214,0
83980,0
63027,0
60885,0
53076,0
83269,0
7250,0
42198,0
69876,0
54398,0
48881,0
10959,0
77964,0
40759,0
30195,0
65040,0
14667,0
15562,0
41131,0
11146,0
3062,0
13021,0
10972,0
51801,0
21265,0
22315,0
61134,0
80638,0
37696,0
10223,0
65156,0
19805,0
73833,0
75896,0
64218,0
41717,0
65624,0
75996,0
12021,0
77085,0
44488,0
69029,0
64548,0
40058,0
79965,0
13546,0
3172,0
86829,0
83969,0
49009,0
7186,0
51365,0
29971,0
34414,0
39888,0
19120,0
8163,0
43683,0
26308,0
32960,0
14776,0
5252,0
22574,0
20123,0
71095,0
78238,0
13421,0
56781,0
53487,0
9362,0
10576,0
79984,0
75796,0
67428,0
86135,0
44104,0
55451,0
84106,0
86611,0
61241,0
3073,0
74101,0
28729,0
48908,0
37158,0
38796,0
30080,0
57068,0
41787,0
70460,0
18889,0
15424,0
19576,0
78879,0
23870,0
86485,0
3076,0
2498,0
15212,0
55507,0
2989,0
57651,0
37027,0
48026,0
24635,0
38896,0
75804,0
61843,0
46036,0
56562,0
63493,0
73579,0
76623,0
55572,0
4060,0
2236,0
85364,0
16929,0
45481,0
26398,0
66200,0
58830,0
80667,0
24284,0
82982,0
672,0
1165,0
18924,0
13173,0
86732,0
52207,0
43312,0
959,0
63533,0
32109,0
10728,0
10289,0
73052,0
61976,0
83219,0
72663,0
62168,0
63664,0
21244,0
52407,0
36507,0
83161,0
31517,0
45285,0
63937,0
66005,0
29605,0
61417,0
23218,0
39376,0
9249,0
26519,0
36661,0
66703,0
5666,0
53923,0
36918,0
18423,0
84661,0
31405,0
38130,0
85904,0
31498,0
87594,0
75681,0
9840,0
88823,0
54570,0
58876,0
27861,0
17805,0
24422,0
65756,0
26033,0
83888,0
8156,0
13014,0
30529,0
37826,0
64354,0
19195,0
34253,0
1889,0
29346,0
7270,0
60056,0
25371,0
1400,0
3277,0
5775,0
63657,0
18591,0
42558,0
56647,0
44501,0
46504,0
20242,0
89231,0
13441,0
32410,0
201,0
21137,0
12268,0
87392,0
85214,0
61022,0
1465,0
40233,0
21065,0
66532,0
2322,0
14186,0
76969,0
58236,0
77389,0
28065,0
11202,0
62467,0
61995,0
28584,0
20751,0
47853,0
70634,0
59685,0
62760,0
25340,0
86068,0
70621,0
44663,0
2595,0
15390,0
57933,0
67300,0
66333,0
67543,0
50876,0
17994,0
4907,0
63375,0
14212,0
13706,0
1282,0
1021,0
53498,0
52574,0
46041,0
17195,0
44747,0
73562,0
35290,0
10773,0
73003,0
71196,0
50814,0
49701,0
36360,0
71879,0
74491,0
7311,0
23816,0
21717,0
59103,0
12843,0
77911,0
68227,0
12235,0
67421,0
42920,0
4352,0
20432,0
66342,0
72329,0
66751,0
43562,0
66207,0
57205,0
12314,0
76964,0
44460,0
58574,0
47159,0
71385,0
49860,0
81916,0
79465,0
71271,0
84420,0
43940,0
51259,0
5065,0
53866,0
45151,0
9983,0
73550,0
61226,0
17143,0
30102,0
57100,0
67981,0
50191,0
16335,0
5943,0
11309,0
15497,0
78042,0
23072,0
65619,0
69694,0
46610,0
13366,0
50298,0
84820,0
49912,0
47300,0
64511,0
57251,0
68918,0
3258,0
25448,0
84310,0
56043,0
53082,0
34317,0
81699,0
38233,0
52643,0
80777,0
51742,0
18293,0
12451,0
77102,0
37344,0
1854,0
79670,0
18518,0
74213,0
20450,0
13178,0
82752,0
35347,0
88443,0
5865,0
75938,0
66291,0
425,0
21322,0
69500,0
20623,0
25827,0
66689,0
57194,0
42557,0
36062,0
41992,0
56460,0
22366,0
9564,0
60961,0
87382,0
25417,0
6334,0
11502,0
4935,0
7917,0
54452,0
11313,0
61285,0
79887,0
77427,0
81422,0
41015,0
14773,0
7142,0
18085,0
30710,0
80247,0
47233,0
79444,0
58101,0
45155,0
51226,0
32795,0
69114,0
54272,0
50868,0
14889,0
56429,0
76244,0
2433,0
66918,0
85551,0
18812,0
41730,0
34286,0
55601,0
42252,0
52689,0
82333,0
3411,0
86074,0
20627,0
35784,0
18706,0
66802,0
33603,0
75062,0
42870,0
74597,0
56520,0
55364,0
84743,0
2096,0
23972,0
39523,0
437,0
41582,0
53561,0
86181,0
29239,0
75678,0
80597,0
3771,0
47684,0
74452,0
13538,0
68166,0
15450,0
7968,0
17401,0
59927,0
59595,0
75510,0
9651,0
84116,0
86468,0
34643,0
11148,0
51880,0
31356,0
85528,0
17436,0
78728,0
17952,0
26092,0
54893,0
44298,0
41039,0
60094,0
15442,0
78077,0
47658,0
57081,0
90,0
15177,0
60736,0
77840,0
73606,0
11128,0
76237,0
55114,0
60994,0
25951,0
1753,0
17901,0
45380,0
76765,0
72600,0
284,0
71558,0
77269,0
27910,0
32897,0
7817,0
42783,0
46723,0
52438,0
72242,0
1674,0
81050,0
23054,0
65726,0
51564,0
81248,0
63034,0
72602,0
5779,0
63165,0
89030,0
19453,0
87123,0
81843,0
69826,0
65569,0
72650,0
80532,0
35884,0
31188,0
39956,0
11516,0
4938,0
51685,0
65312,0
57494,0
46232,0
59211,0
15093,0
79276,0
78126,0
72336,0
83305,0
45158,0
21964,0
72171,0
1143,0
31387,0
2372,0
24097,0
18175,0
20657,0
16518,0
59781,0
82713,0
80341,0
7863,0
21504,0
37584,0
80965,0
3352,0
27611,0
22140,0
41216,0
37079,0
83129,0
31975,0
66916,0
32073,0
11676,0
10645,0
59916,0
86721,0
29538,0
30099,0
58517,0
80644,0
47151,0
79364,0
14836,0
66606,0
52933,0
6070,0
35971,0
73426,0
8507,0
6348,0
5051,0
36258,0
27274,0
72644,0
48556,0
9850,0
26397,0
55936,0
57162,0
42115,0
46313,0
47580,0
48569,0
29701,0
53879,0
37625,0
18289,0
26876,0
78538,0
7471,0
80026,0
45629,0
64818,0
40063,0
16657,0
29498,0
68907,0
45388,0
71925,0
60536,0
75,0
15529,0
46742,0
38440,0
46731,0
22118,0
71770,0
19836,0
3629,0
66229,0
45784,0
43454,0
24514,0
18847,0
85703,0
16958,0
52724,0
2772,0
29324,0
12876,0
76914,0
38484,0
71203,0
62183,0
6841,0
6018,0
5964,0
87694,0
21143,0
4172,0
88910,0
76630,0
30498,0
37451,0
5250,0
8775,0
45012,0
66636,0
71683,0
10611,0
70927,0
39782,0
37477,0
3204,0
25218,0
1565,0
25617,0
51992,0
17486,0
66483,0
23233,0
26653,0
25116,0
22550,0
77834,0
51071,0
30048,0
59775,0
28027,0
25376,0
14810,0
88465,0
25979,0
480,0
39979,0
39980,0
38409,0
35792,0
22313,0
39429,0
72045,0
82334,0
87187,0
21364,0
4120,0
39756,0
74335,0
74405,0
37076,0
72929,0
14807,0
50039,0
5298,0
63634,0
21461,0
61225,0
73953,0
72655,0
9290,0
36991,0
30573,0
11521,0
86857,0
78013,0
77670,0
8667,0
30089,0
35949,0
57087,0
1017,0
14103,0
10343,0
79886,0
26030,0
43706,0
62369,0
87296,0
32834,0
16316,0
19070,0
41255,0
43234,0
58643,0
5044,0
51857,0
76287,0
8468,0
69852,0
16258,0
60024,0
14977,0
58076,0
17925,0
7092,0
36620,0
20903,0
56774,0
37022,0
67587,0
43315,0
4412,0
60480,0
64646,0
62620,0
42207,0
19036,0
22277,0
71360,0
65636,0
26228,0
60619,0
3751,0
2744,0
21237,0
33770,0
37490,0
46062,0
19206,0
30659,0
82624,0
75106,0
56702,0
89221,0
47678,0
81261,0
80265,0
42513,0
29497,0
29628,0
58536,0
15012,0
2717,0
36488,0
55295,0
28108,0
21474,0
25762,0
23884,0
11157,0
66495,0
81460,0
60584,0
16531,0
44130,0
61342,0
74643,0
53174,0
63233,0
88015,0
36799,0
4494,0
47951,0
82621,0
81404,0
33125,0
16233,0
56955,0
82213,0
14149,0
57070,0
14453,0
4677,0
70631,0
62433,0
15666,0
17167,0
15817,0
6898,0
30337,0
85660,0
36033,0
1770,0
1947,0
47384,0
45485,0
77745,0
61512,0
71961,0
82274,0
81944,0
86103,0
69585,0
6687,0
87657,0
45554,0
43983,0
11552,0
60979,0
20793,0
16587,0
5605,0
2253,0
18580,0
75908,0
9035,0
75778,0
79398,0
40758,0
4901,0
27377,0
7281,0
60971,0
21602,0
18758,0
73849,0
3376,0
66379,0
56452,0
83761,0
25818,0
35650,0
88649,0
55976,0
40544,0
64014,0
33556,0
33291,0
38156,0
70663,0
23119,0
10575,0
20645,0
49239,0
4431,0
83634,0
73517,0
67381,0
898,0
25020,0
8924,0
58644,0
84913,0
84626,0
16148,0
87833,0
14356,0
32738,0
40806,0
29978,0
27515,0
51587,0
27352,0
21350,0
22606,0
23875,0
61498,0
41645,0
50569,0
21763,0
13843,0
21750,0
47988,0
22085,0
12656,0
13876,0
4022,0
77473,0
22903,0
2960,0
565,0
21004,0
35951,0
56186,0
77655,0
52728,0
84522,0
10436,0
62238,0
26218,0
87879,0
10176,0
32285,0
24908,0
43639,0
72977,0
61335,0
7424,0
53203,0
58244,0
86405,0
44025,0
88549,0
30752,0
3662,0
58930,0
76700,0
64045,0
9667,0
34053,0
86780,0
28423,0
63041,0
29818,0
42861,0
54373,0
37330,0
294,0
2790,0
27170,0
17492,0
75413,0
21098,0
37455,0
22093,0
13565,0
22053,0
87196,0
24598,0
81195,0
51251,0
65181,0
48599,0
74747,0
76463,0
78610,0
85973,0
69972,0
21132,0
64539,0
65667,0
77442,0
69544,0
83636,0
31140,0
29492,0
62700,0
81301,0
30581,0
46937,0
64578,0
3029,0
81938,0
78809,0
59513,0
14399,0
32990,0
57086,0
59608,0
2399,0
45663,0
78515,0
23162,0
86130,0
15756,0
32478,0
20185,0
51334,0
56710,0
28868,0
54726,0
75876,0
38701,0
26306,0
63608,0
42998,0
43977,0
73468,0
39169,0
9109,0
69124,0
8800,0
79949,0
6352,0
80780,0
7935,0
4731,0
6723,0
54704,0
76665,0
63349,0
81420,0
73255,0
50052,0
88839,0
56727,0
8521,0
18896,0
76507,0
68789,0
48059,0
1178,0
52954,0
84717,0
4389,0
23650,0
67328,0
86253,0
24265,0
5076,0
34237,0
56215,0
27652,0
57292,0
41447,0
3609,0
73017,0
33308,0
29922,0
71522,0
65663,0
11743,0
69055,0
782,0
62048,0
28585,0
68538,0
17418,0
42890,0
8595,0
58357,0
68403,0
38248,0
46703,0
62763,0
57108,0
24725,0
25176,0
33146,0
31649,0
84034,0
71279,0
23180,0
48774,0
25970,0
86047,0
77677,0
71050,0
6295,0
20397,0
63739,0
78412,0
88820,0
53099,0
50349,0
43121,0
76044,0
5728,0
61846,0
51578,0
23585,0
17527,0
36164,0
68475,0
30542,0
3853,0
14891,0
88710,0
84145,0
86846,0
34195,0
82092,0
64337,0
86245,0
76739,0
3085,0
2646,0
33637,0
12094,0
51640,0
15614,0
78262,0
27551,0
8895,0
2294,0
8947,0
61955,0
41514,0
39508,0
83261,0
57381,0
65719,0
5635,0
48305,0
71047,0
3150,0
32769,0
70735,0
27159,0
72053,0
79495,0
48098,0
2204,0
53705,0
51438,0
76619,0
53578,0
28381,0
51394,0
13233,0
13981,0
60193,0
14243,0
21436,0
57629,0
6074,0
26913,0
24785,0
78503,0
21871,0
86308,0
38734,0
8265,0
8444,0
59593,0
71678,0
73733,0
58187,0
69032,0
37318,0
24282,0
7357,0
19574,0
67310,0
73843,0
8474,0
47982,0
12540,0
5142,0
11327,0
21167,0
40042,0
1991,0
79301,0
43322,0
23124,0
165,0
63814,0
17774,0
78226,0
83900,0
87209,0
54843,0
67763,0
86700,0
71782,0
49029,0
74775,0
35048,0
46292,0
87046,0
52501,0
83158,0
84794,0
79982,0
44388,0
82273,0
31839,0
84054,0
3169,0
67889,0
46543,0
68787,0
28248,0
77364,0
81064,0
83019,0
22202,0
73220,0
82295,0
13718,0
56827,0
43031,0
77067,0
39758,0
59473,0
16074,0
13179,0
80027,0
75668,0
52060,0
9703,0
41290,0
22808,0
46035,0
35685,0
59368,0
45062,0
14741,0
73119,0
65139,0
44708,0
34607,0
50634,0
8726,0
20518,0
56587,0
68267,0
78650,0
27803,0
33698,0
56374,0
28285,0
9275,0
57267,0
27995,0
16277,0
83085,0
48999,0
11642,0
47413,0
70306,0
48330,0
24638,0
1622,0
80067,0
44915,0
32810,0
40981,0
1452,0
69007,0
61255,0
81373,0
70363,0
29588,0
69409,0
16242,0
9963,0
28838,0
61062,0
78236,0
86513,0
55501,0
63614,0
46494,0
14998,0
87543,0
78982,0
85801,0
10252,0
72923,0
17974,0
37095,0
18302,0
20783,0
51934,0
87681,0
87022,0
56454,0
2867,0
45866,0
24921,0
10520,0
25626,0
54282,0
72110,0
77125,0
63316,0
79983,0
14444,0
19151,0
82431,0
46299,0
37414,0
6197,0
33715,0
61466,0
11102,0
9914,0
39328,0
25238,0
72351,0
67043,0
22271,0
38017,0
69100,0
34200,0
50804,0
49885,0
44837,0
6097,0
17972,0
82954,0
29254,0
49808,0
73254,0
70359,0
13547,0
27334,0
42408,0
62158,0
13774,0
18488,0
53495,0
70736,0
5152,0
2550,0
83981,0
10917,0
11392,0
86726,0
70654,0
13995,0
48085,0
52370,0
59609,0
18271,0
70043,0
70106,0
34482,0
30654,0
30904,0
12542,0
56832,0
34056,0
58854,0
84432,0
12306,0
46852,0
78327,0
86561,0
88390,0
79743,0
8230,0
33411,0
4370,0
13942,0
24508,0
77752,0
32397,0
55105,0
66433,0
79385,0
29804,0
350,0
38569,0
33762,0
50869,0
81426,0
29391,0
81103,0
72389,0
71383,0
33415,0
75530,0
76967,0
5668,0
62093,0
54306,0
68493,0
53026,0
81832,0
33024,0
66352,0
514,0
53575,0
66935,0
79474,0
15378,0
47443,0
34949,0
25862,0
85960,0
58432,0
63502,0
68218,0
43323,0
65308,0
39438,0
14037,0
58560,0
48060,0
10134,0
33312,0
5690,0
59789,0
40546,0
21468,0
85822,0
7450,0
16547,0
83418,0
12359,0
61073,0
14151,0
75708,0
62360,0
46145,0
29575,0
27725,0
18264,0
48940,0
55947,0
87083,0
6680,0
85865,0
80316,0
40070,0
15274,0
55193,0
79557,0
19975,0
34786,0
68051,0
40487,0
25996,0
65010,0
71872,0
46916,0
56884,0
4929,0
58692,0
8716,0
6553,0
39220,0
6930,0
38058,0
15314,0
43907,0
1244,0
76171,0
78528,0
63245,0
1029,0
86188,0
6959,0
21150,0
72000,0
62956,0
40513,0
40308,0
29040,0
16106,0
49624,0
68463,0
51126,0
85286,0
79405,0
50969,0
9145,0
10355,0
1295,0
18182,0
82177,0
33975,0
18810,0
83516,0
84900,0
72702,0
48607,0
13388,0
36037,0
72972,0
35259,0
68352,0
7318,0
84632,0
78007,0
2134,0
16816,0
21658,0
43066,0
41792,0
36651,0
24900,0
22133,0
25787,0
30598,0
38491,0
27693,0
69832,0
21012,0
23775,0
68594,0
78385,0
55597,0
37085,0
60883,0
44485,0
11689,0
69995,0
84084,0
37243,0
10257,0
51349,0
25256,0
49198,0
70045,0
84860,0
15807,0
36322,0
86355,0
54632,0
59969,0
6191,0
53252,0
12082,0
20363,0
15982,0
69779,0
79069,0
35969,0
516,0
55697,0
8334,0
21997,0
80357,0
17235,0
444,0
22554,0
353,0
49077,0
4123,0
36138,0
69357,0
80727,0
49343,0
86861,0
78404,0
42070,0
43465,0
39694,0
75518,0
86388,0
18030,0
71869,0
10206,0
32131,0
22097,0
75393,0
23711,0
29331,0
42756,0
60313,0
70476,0
1221,0
84480,0
84802,0
52836,0
57461,0
60955,0
35730,0
70139,0
20742,0
16224,0
27993,0
76529,0
83822,0
57816,0
22866,0
14860,0
19532,0
63132,0
10596,0
42859,0
3139,0
88533,0
6520,0
3159,0
82312,0
36219,0
4330,0
85688,0
19253,0
29149,0
9143,0
77926,0
36929,0
30858,0
41230,0
5505,0
61439,0
37437,0
30947,0
33222,0
22945,0
5518,0
1047,0
43757,0
10717,0
59888,0
27854,0
74261,0
13407,0
48130,0
44063,0
64954,0
78004,0
65388,0
61535,0
23354,0
8794,0
49289,0
36686,0
65669,0
42039,0
71178,0
60168,0
18042,0
33191,0
64872,0
75828,0
72369,0
44585,0
32490,0
6646,0
25708,0
24907,0
29561,0
8754,0
15670,0
86958,0
1693,0
47441,0
75426,0
82459,0
11084,0
83435,0
62883,0
22144,0
48843,0
50139,0
40105,0
47178,0
23996,0
88796,0
42010,0
32499,0
71337,0
33640,0
71022,0
31579,0
42573,0
83621,0
75630,0
56878,0
66001,0
20607,0
56735,0
59659,0
49121,0
77661,0
13321,0
69476,0
52911,0
62988,0
76387,0
54375,0
62817,0
59843,0
89068,0
2877,0
19065,0
74050,0
31988,0
77450,0
3535,0
24449,0
3246,0
82248,0
56320,0
13571,0
51433,0
16113,0
16107,0
82861,0
40007,0
21911,0
20885,0
27315,0
13377,0
62455,0
54194,0
77054,0
65990,0
51705,0
3679,0
56292,0
70332,0
60667,0
66787,0
4799,0
13444,0
89081,0
3960,0
59706,0
77536,0
32930,0
63723,0
76618,0
64259,0
60285,0
26897,0
45286,0
83814,0
28190,0
84444,0
68962,0
35472,0
80620,0
29647,0
35621,0
67579,0
88502,0
83191,0
82216,0
6938,0
87952,0
68804,0
31702,0
16081,0
55238,0
65541,0
33670,0
57285,0
37622,0
22767,0
81693,0
75043,0
72229,0
16960,0
33385,0
56197,0
46122,0
28778,0
55048,0
43216,0
60870,0
82837,0
50050,0
33124,0
66828,0
26152,0
53647,0
84603,0
54457,0
74305,0
71842,0
19155,0
80078,0
47444,0
58609,0
78878,0
72094,0
56445,0
88158,0
9942,0
54973,0
48546,0
36389,0
61965,0
85626,0
38395,0
32521,0
33906,0
36904,0
62376,0
47919,0
87674,0
31229,0
64444,0
10976,0
67407,0
44479,0
69079,0
77891,0
47378,0
54256,0
12089,0
67692,0
72489,0
62806,0
72464,0
17615,0
7733,0
18650,0
61991,0
11308,0
25410,0
23169,0
73906,0
64534,0
82881,0
41027,0
30544,0
39627,0
5235,0
71005,0
88881,0
32544,0
63575,0
43839,0
27344,0
68253,0
76569,0
31927,0
33399,0
3636,0
41740,0
469,0
5905,0
13266,0
24834,0
33728,0
51060,0
39554,0
37328,0
82612,0
47111,0
11712,0
50247,0
44540,0
78223,0
15365,0
49179,0
47723,0
18993,0
53365,0
20411,0
28022,0
87997,0
61120,0
69641,0
44764,0
7590,0
44204,0
14603,0
79573,0
83730,0
3061,0
82392,0
52362,0
14576,0
55842,0
28710,0
40328,0
75626,0
64555,0
16422,0
75540,0
16265,0
66545,0
71556,0
23448,0
55972,0
4609,0
51985,0
41111,0
84670,0
56405,0
63186,0
4429,0
30328,0
29690,0
67152,0
43612,0
56563,0
87749,0
79286,0
36047,0
65801,0
6140,0
39338,0
87006,0
78086,0
63672,0
42168,0
42659,0
73002,0
35372,0
31283,0
61933,0
86657,0
59823,0
14263,0
72341,0
32560,0
81770,0
24070,0
24936,0
28544,0
18371,0
82992,0
20895,0
9050,0
36668,0
48745,0
81580,0
27486,0
87267,0
41116,0
849,0
65620,0
70484,0
51719,0
53506,0
6184,0
49934,0
86987,0
61823,0
45973,0
82958,0
58543,0
5344,0
38697,0
39969,0
75629,0
72174,0
63783,0
334,0
41261,0
16042,0
85800,0
30860,0
16885,0
52886,0
28128,0
25542,0
42893,0
42227,0
38754,0
78627,0
22240,0
5169,0
14134,0
14830,0
56248,0
10660,0
67095,0
42824,0
85913,0
8457,0
15079,0
56716,0
43154,0
31746,0
17339,0
76011,0
13940,0
78624,0
78806,0
7826,0
46211,0
35957,0
76876,0
88041,0
63667,0
64764,0
42787,0
82922,0
85444,0
43337,0
73717,0
63539,0
26859,0
8315,0
87507,0
57164,0
49519,0
29720,0
2327,0
9532,0
33551,0
82190,0
69846,0
40254,0
87682,0
49964,0
7945,0
85898,0
28060,0
51879,0
3580,0
35659,0
70738,0
39032,0
12930,0
36194,0
80159,0
37617,0
77113,0
62629,0
68623,0
29984,0
10844,0
48176,0
89036,0
82817,0
12924,0
49183,0
28403,0
39304,0
23190,0
45374,0
73173,0
82972,0
78929,0
3807,0
44057,0
51618,0
23622,0
85360,0
51586,0
78369,0
69008,0
67897,0
20440,0
70562,0
77345,0
63564,0
34988,0
1254,0
237,0
14846,0
77817,0
65161,0
28768,0
53477,0
18107,0
69148,0
76471,0
30030,0
82942,0
81099,0
219,0
7623,0
59763,0
11015,0
44457,0
38436,0
57418,0
57866,0
15016,0
51203,0
75835,0
48023,0
65345,0
82821,0
42791,0
75625,0
77373,0
6940,0
272,0
27863,0
41391,0
1222,0
18500,0
41707,0
73430,0
13574,0
21435,0
74211,0
41426,0
64362,0
38377,0
40836,0
54264,0
49641,0
68841,0
32378,0
14322,0
41249,0
18770,0
41629,0
77636,0
29300,0
65677,0
1575,0
31125,0
70530,0
84219,0
17326,0
59924,0
66225,0
58275,0
11915,0
45989,0
41476,0
54159,0
30058,0
57681,0
87546,0
86841,0
22644,0
65,0
14739,0
36631,0
82900,0
39015,0
6415,0
71084,0
4951,0
81186,0
6338,0
515,0
9132,0
20983,0
53610,0
73261,0
55619,0
19172,0
41439,0
75703,0
53801,0
52248,0
31184,0
70761,0
6110,0
44955,0
31819,0
11663,0
37009,0
36384,0
89177,0
58999,0
16121,0
9715,0
54778,0
52007,0
86843,0
69937,0
31155,0
25277,0
9045,0
81560,0
65511,0
6686,0
34410,0
87160,0
79164,0
57313,0
34283,0
30819,0
77331,0
25290,0
14288,0
65398,0
72962,0
6080,0
59800,0
16116,0
7804,0
30390,0
7068,0
3697,0
68870,0
31136,0
26756,0
45997,0
24978,0
495,0
48692,0
30731,0
6585,0
18882,0
75417,0
28093,0
77420,0
16955,0
86755,0
66297,0
19332,0
31436,0
16514,0
13834,0
18721,0
68951,0
55533,0
17707,0
26762,0
37494,0
7571,0
45590,0
20408,0
14628,0
16843,0
79831,0
45320,0
5984,0
64430,0
37890,0
82494,0
84393,0
86804,0
50755,0
41241,0
29539,0
4671,0
88646,0
63952,0
73134,0
58301,0
13793,0
77599,0
32291,0
54544,0
11001,0
67758,0
52221,0
54209,0
35638,0
40650,0
60881,0
19518,0
82294,0
69804,0
34738,0
39713,0
30063,0
42102,0
15387,0
59339,0
40872,0
62492,0
72997,0
76450,0
55860,0
41704,0
56593,0
62592,0
38189,0
773,0
15502,0
4171,0
73085,0
13846,0
39590,0
4915,0
39028,0
17411,0
50632,0
50490,0
40397,0
41918,0
61764,0
39724,0
51532,0
24040,0
46793,0
37567,0
28572,0
71608,0
85101,0
36836,0
86158,0
53945,0
10147,0
26899,0
86528,0
67647,0
28889,0
74906,0
7234,0
14162,0
74695,0
2779,0
87310,0
2408,0
47379,0
78526,0
23631,0
24539,0
70626,0
7495,0
36832,0
82047,0
72447,0
64415,0
57053,0
45038,0
22875,0
68031,0
61418,0
15444,0
68316,0
85589,0
69910,0
8635,0
42162,0
73611,0
60122,0
79380,0
57508,0
56312,0
27864,0
64437,0
46748,0
70194,0
85825,0
83712,0
50377,0
73033,0
4851,0
28426,0
51211,0
38743,0
88718,0
4949,0
8541,0
79785,0
47615,0
2724,0
22086,0
42795,0
15954,0
25386,0
77394,0
71797,0
77128,0
73570,0
88671,0
38300,0
714,0
60162,0
53377,0
10914,0
49028,0
64363,0
44108,0
5853,0
72305,0
73689,0
39322,0
71822,0
15065,0
55791,0
34937,0
6561,0
55528,0
37561,0
46461,0
58903,0
66875,0
65563,0
50907,0
22927,0
28236,0
57276,0
31786,0
73940,0
15499,0
32086,0
6866,0
57234,0
75514,0
33305,0
79486,0
63294,0
58093,0
54005,0
56606,0
39095,0
1959,0
86172,0
49211,0
82039,0
85312,0
70853,0
37185,0
7174,0
70559,0
2125,0
11118,0
21028,0
43649,0
54382,0
54025,0
87488,0
69320,0
52819,0
87401,0
62843,0
58376,0
9427,0
37733,0
71325,0
26187,0
30245,0
71705,0
59745,0
39849,0
53556,0
66431,0
43190,0
62915,0
40189,0
22173,0
9141,0
18939,0
80169,0
87624,0
58829,0
59328,0
26099,0
21403,0
29454,0
7618,0
64091,0
59768,0
71039,0
71622,0
84313,0
87414,0
86045,0
48555,0
9423,0
37460,0
81392,0
33880,0
41285,0
48748,0
34980,0
56169,0
25195,0
21597,0
26696,0
77006,0
20523,0
31151,0
42540,0
25046,0
39948,0
59456,0
20456,0
25855,0
9585,0
21493,0
51263,0
39378,0
36087,0
14418,0
17867,0
40136,0
68688,0
40691,0
67382,0
8376,0
13342,0
39834,0
16752,0
68474,0
760,0
54939,0
15878,0
10470,0
23722,0
31230,0
68179,0
73617,0
30923,0
38945,0
68010,0
49132,0
45848,0
52381,0
69964,0
46148,0
17739,0
41308,0
87793,0
56195,0
77735,0
566,0
18023,0
30366,0
3927,0
56490,0
83,0
40985,0
27961,0
83609,0
53394,0
26461,0
39498,0
61590,0
59809,0
83667,0
18681,0
43516,0
71135,0
63180,0
28759,0
38952,0
85926,0
63241,0
25808,0
27323,0
83176,0
39275,0
53843,0
10165,0
33092,0
50009,0
3846,0
55219,0
21604,0
88207,0
46613,0
88592,0
32848,0
24954,0
43330,0
45617,0
62869,0
28576,0
64971,0
6832,0
35134,0
62934,0
48948,0
56243,0
34220,0
57302,0
84485,0
35972,0
43637,0
30748,0
86370,0
76272,0
60391,0
40211,0
30330,0
40287,0
39210,0
37656,0
16063,0
39488,0
26815,0
72452,0
81187,0
83494,0
38902,0
10035,0
61754,0
66348,0
45530,0
5672,0
44920,0
18095,0
6827,0
78988,0
28296,0
3919,0
26917,0
44047,0
21687,0
7887,0
30,0
85075,0
86136,0
56141,0
84019,0
2355,0
8411,0
11347,0
51798,0
45979,0
49814,0
77508,0
7368,0
77558,0
6266,0
42521,0
24361,0
63291,0
30011,0
41997,0
66687,0
64941,0
84938,0
62438,0
55895,0
59435,0
88840,0
53587,0
64466,0
64747,0
84338,0
84920,0
5010,0
39101,0
64343,0
6081,0
58835,0
4834,0
755,0
20449,0
57286,0
58369,0
83680,0
73787,0
47659,0
85630,0
68077,0
38067,0
39868,0
58968,0
47807,0
47994,0
49124,0
78439,0
86306,0
57802,0
6007,0
85224,0
64267,0
10695,0
88076,0
14111,0
87604,0
22172,0
34354,0
27650,0
32980,0
82768,0
44895,0
16359,0
30032,0
7559,0
82505,0
77814,0
39320,0
36014,0
71104,0
72571,0
18833,0
61574,0
51541,0
50956,0
82395,0
10114,0
37177,0
39551,0
47157,0
25926,0
56099,0
30053,0
1725,0
56516,0
64400,0
7766,0
35986,0
47012,0
41093,0
55336,0
52989,0
51952,0
61641,0
37037,0
33540,0
69185,0
53454,0
56222,0
88619,0
22430,0
62659,0
83263,0
10722,0
80795,0
66407,0
36624,0
79814,0
81074,0
8499,0
75595,0
68909,0
20275,0
36878,0
85997,0
2283,0
75760,0
49236,0
49139,0
47331,0
39084,0
33426,0
40983,0
46642,0
58963,0
82623,0
42172,0
13924,0
22787,0
64404,0
18562,0
89,0
41232,0
55553,0
10270,0
33710,0
12568,0
15526,0
40598,0
45305,0
22729,0
15385,0
73901,0
82080,0
75501,0
2656,0
47968,0
26484,0
44405,0
22193,0
27447,0
77166,0
60988,0
27376,0
13497,0
79997,0
13784,0
38811,0
75148,0
18083,0
86819,0
86831,0
56782,0
48950,0
36628,0
80203,0
43890,0
8905,0
46093,0
19849,0
85981,0
14689,0
33911,0
7463,0
75815,0
26736,0
9087,0
37926,0
8098,0
83551,0
4358,0
29458,0
52898,0
41585,0
46998,0
60969,0
31950,0
33194,0
35190,0
46068,0
38384,0
65656,0
6690,0
45125,0
22299,0
32071,0
31828,0
60449,0
80581,0
72513,0
46218,0
30556,0
63731,0
26390,0
76288,0
15517,0
83848,0
84910,0
57500,0
25633,0
74703,0
46615,0
45895,0
44167,0
71471,0
67322,0
1687,0
22411,0
78554,0
84249,0
80280,0
76487,0
85187,0
5164,0
83293,0
55060,0
60082,0
10641,0
30497,0
81396,0
20807,0
6749,0
35274,0
18990,0
68920,0
64462,0
80393,0
83713,0
5204,0
2515,0
57304,0
32695,0
46343,0
32616,0
57151,0
8313,0
68131,0
51616,0
3055,0
32340,0
26126,0
32599,0
65089,0
75644,0
25206,0
68694,0
35671,0
88686,0
20232,0
16823,0
78803,0
88962,0
66453,0
57780,0
64247,0
46662,0
68371,0
50949,0
69829,0
3866,0
87619,0
3100,0
74533,0
85342,0
28380,0
85663,0
69875,0
75502,0
10234,0
70863,0
44171,0
66975,0
20026,0
26382,0
37593,0
10127,0
37299,0
80850,0
13673,0
21950,0
6159,0
42517,0
12823,0
28265,0
77057,0
22746,0
88132,0
48106,0
25489,0
23746,0
87913,0
32748,0
43424,0
18,0
12615,0
17655,0
13989,0
14754,0
69258,0
74556,0
66774,0
77564,0
32443,0
63844,0
61181,0
16174,0
88151,0
49797,0
20469,0
33413,0
9376,0
65067,0
9922,0
33451,0
72793,0
75149,0
67640,0
52357,0
38680,0
46996,0
29147,0
23237,0
35759,0
16802,0
12512,0
18558,0
67320,0
59019,0
77456,0
73888,0
31592,0
60956,0
58562,0
30491,0
31360,0
17053,0
81897,0
52738,0
71062,0
85644,0
82980,0
48511,0
50723,0
77818,0
52180,0
53220,0
53230,0
52640,0
62986,0
16652,0
43447,0
28674,0
80058,0
16281,0
57746,0
39267,0
31225,0
50595,0
25051,0
17624,0
47006,0
37087,0
23885,0
13740,0
56526,0
45034,0
524,0
6021,0
65205,0
49033,0
10393,0
43371,0
84683,0
10743,0
56742,0
82786,0
23971,0
22176,0
15216,0
6551,0
47455,0
54730,0
49654,0
27678,0
6705,0
29347,0
36336,0
38890,0
53350,0
64176,0
3994,0
46693,0
36095,0
45142,0
49936,0
16789,0
71199,0
83294,0
46813,0
67075,0
53665,0
85497,0
50959,0
85437,0
47748,0
15736,0
7165,0
42291,0
39716,0
4528,0
73225,0
57573,0
16397,0
89037,0
44945,0
32746,0
13782,0
48480,0
64312,0
1358,0
78659,0
59979,0
502,0
72802,0
72555,0
38460,0
947,0
82025,0
71528,0
63543,0
23692,0
5999,0
29800,0
40186,0
85905,0
72235,0
56972,0
52327,0
75536,0
48736,0
18815,0
40040,0
46880,0
74774,0
31888,0
78559,0
25336,0
84174,0
55005,0
19714,0
17742,0
71644,0
38340,0
14353,0
36081,0
89169,0
53726,0
74153,0
33844,0
60137,0
29420,0
45032,0
55732,0
63199,0
47292,0
43305,0
13011,0
68514,0
2741,0
66208,0
31290,0
81445,0
66708,0
41467,0
67766,0
71847,0
41735,0
72284,0
57373,0
65327,0
25876,0
43713,0
7204,0
257,0
81557,0
26375,0
55073,0
21702,0
19184,0
72935,0
48536,0
52686,0
11760,0
10211,0
52066,0
33833,0
44311,0
87133,0
69235,0
48833,0
71334,0
3317,0
59427,0
55194,0
67852,0
55693,0
59871,0
77638,0
40775,0
27857,0
24394,0
85568,0
86466,0
7518,0
32044,0
54864,0
1666,0
48648,0
14110,0
34052,0
66293,0
41831,0
73618,0
26087,0
44356,0
26583,0
25172,0
77408,0
69869,0
16943,0
82628,0
70168,0
56480,0
40010,0
12086,0
66243,0
37689,0
24596,0
40520,0
2682,0
1226,0
16893,0
33018,0
64256,0
69037,0
55223,0
1630,0
65909,0
58802,0
75537,0
50505,0
38737,0
10042,0
24587,0
80800,0
52445,0
17831,0
11619,0
83903,0
42156,0
76392,0
22874,0
87495,0
22166,0
35754,0
38731,0
30425,0
11304,0
13804,0
88695,0
74723,0
56651,0
75976,0
71432,0
3208,0
82803,0
80501,0
19488,0
79668,0
50798,0
87386,0
14669,0
87935,0
16406,0
77833,0
57880,0
114,0
46094,0
61429,0
51831,0
43035,0
68844,0
47097,0
26532,0
66699,0
12155,0
84396,0
11691,0
46508,0
39297,0
45275,0
68355,0
37361,0
84119,0
32822,0
75532,0
25846,0
74860,0
53199,0
74120,0
47385,0
48563,0
85067,0
69680,0
61362,0
80778,0
73960,0
41931,0
47008,0
24054,0
19389,0
38219,0
12000,0
22281,0
11510,0
80128,0
2049,0
29433,0
56366,0
23256,0
69359,0
14190,0
49504,0
56474,0
27188,0
5238,0
83234,0
84677,0
86542,0
78376,0
67953,0
46440,0
41081,0
42244,0
30862,0
81717,0
1142,0
53808,0
21951,0
42653,0
22872,0
13832,0
80459,0
73596,0
43094,0
31992,0
84131,0
84764,0
50769,0
27293,0
46678,0
56489,0
77032,0
4650,0
73133,0
2767,0
21772,0
65486,0
88599,0
69761,0
17630,0
16490,0
84719,0
47368,0
36768,0
31876,0
29434,0
3947,0
22208,0
61601,0
71380,0
59406,0
65272,0
28079,0
25514,0
61475,0
28971,0
82101,0
27694,0
68940,0
85696,0
2690,0
61529,0
28405,0
68497,0
33227,0
24396,0
86134,0
88334,0
44937,0
85839,0
8241,0
87894,0
9002,0
52516,0
68107,0
37031,0
82499,0
32648,0
74171,0
37527,0
53469,0
85184,0
55293,0
47533,0
22387,0
37285,0
33875,0
86435,0
62122,0
25226,0
44473,0
84639,0
2368,0
43394,0
51905,0
26825,0
4101,0
10525,0
76283,0
32304,0
87892,0
35943,0
58241,0
27140,0
61031,0
30657,0
65672,0
46746,0
27410,0
59963,0
21733,0
42449,0
4920,0
29933,0
66890,0
37785,0
72089,0
76042,0
14126,0
70070,0
22269,0
34918,0
79438,0
79962,0
59886,0
33161,0
3421,0
50136,0
56652,0
24700,0
52185,0
39923,0
81806,0
9758,0
54852,0
25447,0
69018,0
31863,0
60469,0
73873,0
76659,0
7468,0
4583,0
40801,0
48646,0
54297,0
9147,0
41083,0
19268,0
20934,0
56027,0
8131,0
57796,0
58608,0
58894,0
61854,0
22759,0
87346,0
49895,0
32382,0
51965,0
60146,0
254,0
66520,0
28750,0
30013,0
65172,0
73082,0
25520,0
53304,0
75031,0
23843,0
64037,0
78188,0
43894,0
73557,0
33872,0
5377,0
70951,0
60336,0
72319,0
59091,0
45167,0
58091,0
83233,0
84537,0
29925,0
82568,0
12752,0
88333,0
43594,0
34116,0
38199,0
19371,0
87577,0
39298,0
32251,0
14668,0
12302,0
17019,0
11495,0
2645,0
88558,0
16941,0
11534,0
25492,0
67588,0
50740,0
32892,0
30963,0
36241,0
7719,0
50833,0
20225,0
8744,0
38794,0
40258,0
8709,0
37336,0
53376,0
10510,0
81881,0
63931,0
53787,0
14651,0
26768,0
48661,0
42085,0
17912,0
36074,0
40651,0
30033,0
79499,0
41935,0
77360,0
77863,0
51037,0
50744,0
20445,0
26440,0
21890,0
21895,0
16957,0
51733,0
14240,0
11648,0
72450,0
82033,0
89173,0
13365,0
88099,0
68147,0
70329,0
16684,0
57241,0
61679,0
75786,0
6030,0
34313,0
70035,0
16903,0
54152,0
16104,0
10380,0
34521,0
58844,0
22224,0
22668,0
81376,0
51456,0
38605,0
73688,0
21595,0
27898,0
46982,0
75052,0
57090,0
73140,0
29580,0
11892,0
59654,0
11834,0
22687,0
54481,0
61972,0
13877,0
70729,0
57539,0
83021,0
32040,0
8912,0
24830,0
54615,0
39133,0
46174,0
76573,0
86868,0
12929,0
32736,0
74390,0
14335,0
5425,0
10724,0
26055,0
60087,0
78406,0
40086,0
36275,0
13128,0
9675,0
18972,0
21718,0
37943,0
62315,0
23471,0
13748,0
22139,0
14472,0
82277,0
21206,0
1239,0
22417,0
21529,0
86605,0
81581,0
85942,0
71931,0
18227,0
23155,0
88573,0
42452,0
26425,0
81303,0
22710,0
1629,0
11256,0
42341,0
34456,0
44093,0
58510,0
7018,0
85404,0
83950,0
43770,0
49887,0
14373,0
4084,0
66314,0
5504,0
64055,0
16835,0
36950,0
82658,0
65674,0
64853,0
47511,0
72632,0
6719,0
45745,0
59088,0
51196,0
37273,0
17352,0
32634,0
32006,0
6600,0
54032,0
41013,0
54986,0
69606,0
49697,0
67533,0
79607,0
68314,0
15492,0
33780,0
25555,0
10170,0
16300,0
29842,0
88174,0
82590,0
61645,0
8073,0
15955,0
27153,0
63061,0
35858,0
19887,0
22499,0
394,0
12467,0
88304,0
61833,0
64378,0
53049,0
1039,0
22136,0
35602,0
74553,0
81888,0
36708,0
14029,0
37406,0
77116,0
66125,0
47445,0
68045,0
9070,0
79320,0
23539,0
87049,0
12318,0
88103,0
71077,0
60936,0
47119,0
42709,0
16380,0
51608,0
47066,0
81391,0
40279,0
42963,0
88782,0
53052,0
21241,0
57700,0
46617,0
18586,0
78513,0
10009,0
58619,0
50501,0
43980,0
72091,0
84993,0
17948,0
57864,0
77552,0
31817,0
45766,0
45421,0
31551,0
33046,0
77430,0
34289,0
32351,0
15082,0
49018,0
74423,0
58703,0
26936,0
75679,0
85005,0
51911,0
42703,0
29286,0
31901,0
77412,0
7517,0
83688,0
7775,0
76041,0
60029,0
66415,0
28625,0
12280,0
13411,0
74035,0
17738,0
19153,0
65697,0
55400,0
59860,0
35645,0
401,0
16834,0
66147,0
79231,0
21648,0
55931,0
50585,0
68341,0
60008,0
44888,0
35270,0
23520,0
4288,0
13408,0
16544,0
10993,0
23473,0
69683,0
15326,0
70325,0
50288,0
41471,0
1560,0
15579,0
49717,0
82440,0
39972,0
24021,0
73815,0
26074,0
63570,0
57128,0
80695,0
14147,0
19256,0
10901,0
23937,0
4796,0
7963,0
49181,0
5432,0
986,0
58752,0
39685,0
9384,0
34356,0
77809,0
59295,0
43605,0
43087,0
17428,0
51241,0
46943,0
27788,0
49855,0
6539,0
57481,0
40646,0
5808,0
44318,0
17599,0
43779,0
44698,0
19413,0
35197,0
75294,0
68831,0
26344,0
32197,0
85258,0
11501,0
9328,0
16881,0
74299,0
4599,0
77034,0
53460,0
60244,0
19845,0
50199,0
82256,0
82995,0
55385,0
71499,0
68902,0
70931,0
25811,0
86250,0
16804,0
38664,0
26652,0
68862,0
87899,0
54491,0
29535,0
8486,0
27161,0
19520,0
13721,0
3856,0
41898,0
37801,0
27773,0
87742,0
50823,0
25288,0
12891,0
61406,0
85009,0
61102,0
80365,0
48268,0
65778,0
68128,0
84309,0
50061,0
2383,0
78102,0
75474,0
62020,0
8579,0
45575,0
8071,0
54083,0
28369,0
9819,0
16273,0
64386,0
38246,0
70004,0
14088,0
57419,0
27150,0
68854,0
12986,0
73975,0
4774,0
35410,0
11222,0
17923,0
37635,0
81371,0
83993,0
21541,0
57238,0
35194,0
12776,0
30423,0
60910,0
37727,0
64739,0
83099,0
89199,0
46162,0
71990,0
42871,0
376,0
48463,0
38832,0
14163,0
44882,0
84289,0
62311,0
20203,0
76114,0
59048,0
46170,0
57321,0
42771,0
35998,0
64325,0
48864,0
55041,0
66426,0
11697,0
41114,0
64493,0
22679,0
80660,0
5589,0
78156,0
55524,0
11939,0
28886,0
61637,0
33714,0
39651,0
11862,0
53943,0
35581,0
84090,0
9385,0
39510,0
50895,0
83148,0
82616,0
53341,0
80100,0
9778,0
19783,0
9859,0
4653,0
72581,0
8112,0
88123,0
52293,0
67539,0
61942,0
70954,0
42135,0
64020,0
32161,0
43024,0
69510,0
27210,0
89155,0
33301,0
60446,0
12427,0
26973,0
69845,0
69062,0
21654,0
66390,0
31192,0
20167,0
48458,0
56514,0
14450,0
52270,0
70030,0
49496,0
60103,0
77127,0
9037,0
59912,0
68628,0
22660,0
81305,0
84989,0
55695,0
69987,0
29003,0
3777,0
70182,0
26371,0
76860,0
21539,0
38495,0
24232,0
54887,0
67890,0
74913,0
33624,0
8732,0
66676,0
69640,0
52881,0
18089,0
4940,0
74021,0
4786,0
43297,0
30912,0
1871,0
67418,0
778,0
16269,0
66670,0
76570,0
26324,0
37127,0
47973,0
58485,0
78605,0
84248,0
16078,0
58150,0
80407,0
57974,0
55924,0
80924,0
15309,0
39546,0
63661,0
28634,0
66561,0
55698,0
41529,0
66387,0
7702,0
18330,0
27432,0
23339,0
13767,0
19642,0
77423,0
45880,0
26360,0
49367,0
41122,0
38944,0
35675,0
29854,0
55279,0
2979,0
16318,0
50716,0
3461,0
62399,0
87561,0
18220,0
44477,0
45800,0
56212,0
4108,0
16442,0
19573,0
25742,0
30064,0
55669,0
6267,0
63394,0
18690,0
2942,0
22758,0
32940,0
41708,0
21533,0
31802,0
29602,0
12237,0
19965,0
46385,0
12534,0
88059,0
79184,0
70979,0
19081,0
86267,0
71920,0
31961,0
19832,0
36610,0
58704,0
87122,0
38013,0
43506,0
69272,0
84343,0
30859,0
30773,0
82179,0
19858,0
60670,0
11713,0
26596,0
32545,0
15888,0
65238,0
58897,0
43726,0
17250,0
39208,0
45682,0
6596,0
12422,0
65319,0
32843,0
11478,0
71052,0
73447,0
11077,0
13415,0
10231,0
68198,0
41872,0
69104,0
86465,0
7188,0
28083,0
84779,0
44609,0
37929,0
13871,0
12992,0
56717,0
49207,0
17501,0
76805,0
11199,0
78819,0
4827,0
68915,0
35601,0
60927,0
64385,0
19230,0
72727,0
71626,0
82227,0
61978,0
23825,0
69787,0
85542,0
11481,0
47372,0
31024,0
46682,0
89241,0
8884,0
17636,0
17751,0
6345,0
22129,0
69771,0
8642,0
75431,0
1171,0
76242,0
62097,0
70829,0
24202,0
60743,0
80358,0
53691,0
64181,0
81090,0
47418,0
50240,0
67874,0
62767,0
6419,0
77906,0
18186,0
8958,0
25086,0
13118,0
33362,0
24556,0
32967,0
45842,0
33030,0
12778,0
77303,0
12329,0
4624,0
23880,0
46399,0
15152,0
37501,0
9823,0
52572,0
88050,0
85284,0
2256,0
51484,0
36320,0
29293,0
81092,0
8406,0
12535,0
5617,0
45061,0
64527,0
14466,0
67459,0
81160,0
12234,0
39958,0
51806,0
81360,0
1353,0
52537,0
45703,0
54483,0
88588,0
22108,0
69622,0
71708,0
17578,0
43104,0
62177,0
51380,0
17653,0
88392,0
20071,0
64566,0
84868,0
64224,0
5841,0
79809,0
17489,0
82189,0
7724,0
28212,0
39642,0
64836,0
31257,0
66094,0
60499,0
57143,0
33504,0
30500,0
51522,0
77593,0
58326,0
64329,0
51963,0
39263,0
71691,0
2080,0
43452,0
64859,0
23395,0
2649,0
31460,0
42340,0
62707,0
81009,0
42937,0
74360,0
64657,0
82301,0
6899,0
59965,0
67475,0
61187,0
73476,0
35999,0
4680,0
13036,0
47002,0
81885,0
79222,0
69534,0
29685,0
8383,0
11766,0
58795,0
41475,0
55461,0
44466,0
79077,0
54352,0
49213,0
48245,0
40285,0
11119,0
47302,0
7346,0
4086,0
57531,0
42609,0
45064,0
54456,0
28408,0
9181,0
79946,0
32920,0
3528,0
58917,0
28894,0
81509,0
19555,0
7827,0
33983,0
41074,0
62285,0
21110,0
22054,0
65626,0
10130,0
38863,0
21254,0
24225,0
68184,0
79410,0
88477,0
31250,0
21726,0
5652,0
78758,0
27727,0
3951,0
44835,0
13769,0
84702,0
85992,0
44962,0
85152,0
55309,0
16071,0
1015,0
27731,0
51575,0
61725,0
24879,0
39064,0
5473,0
2755,0
7849,0
56553,0
52852,0
20626,0
55097,0
53357,0
89007,0
59194,0
3177,0
29918,0
58368,0
26813,0
13007,0
30455,0
48191,0
53820,0
31895,0
43911,0
69797,0
6721,0
58232,0
5634,0
48943,0
2677,0
75366,0
71880,0
32230,0
34459,0
37187,0
82656,0
53769,0
12840,0
48170,0
65279,0
44166,0
3070,0
74933,0
70104,0
61803,0
52492,0
80689,0
19712,0
39773,0
66910,0
5129,0
77919,0
52665,0
13436,0
62262,0
88197,0
29968,0
9486,0
70561,0
36459,0
82836,0
6808,0
45383,0
25562,0
40251,0
37794,0
560,0
50170,0
49176,0
72614,0
54389,0
67483,0
87523,0
64965,0
84932,0
69054,0
74489,0
67760,0
36674,0
60412,0
69411,0
38397,0
86906,0
62187,0
18473,0
38323,0
82000,0
70362,0
8244,0
65788,0
83182,0
17127,0
20803,0
70082,0
40922,0
3800,0
79645,0
59657,0
24494,0
13355,0
23085,0
52365,0
72030,0
26573,0
3111,0
12008,0
36606,0
7857,0
83141,0
66422,0
21294,0
7273,0
54747,0
4751,0
62282,0
1228,0
55038,0
69860,0
75902,0
53269,0
27972,0
60136,0
38004,0
40672,0
24745,0
15313,0
40664,0
31609,0
45005,0
84611,0
82275,0
29139,0
12121,0
15921,0
19469,0
42460,0
49326,0
78020,0
9273,0
87579,0
75670,0
74326,0
37316,0
81299,0
4075,0
10396,0
20350,0
81741,0
20620,0
85561,0
16126,0
51629,0
32228,0
16651,0
38826,0
86140,0
22777,0
82436,0
11414,0
4242,0
76039,0
31343,0
32475,0
31274,0
5026,0
74812,0
75721,0
46083,0
20341,0
62513,0
34167,0
76083,0
46803,0
84482,0
50672,0
7306,0
14510,0
80345,0
42125,0
78387,0
82928,0
86472,0
71936,0
55480,0
37524,0
44218,0
39427,0
50384,0
46319,0
88856,0
32229,0
75003,0
54896,0
16430,0
41621,0
60749,0
22449,0
42778,0
6066,0
20960,0
72122,0
76018,0
12178,0
77875,0
73191,0
25384,0
13330,0
78133,0
42808,0
82629,0
71452,0
65954,0
40634,0
51702,0
79719,0
1153,0
44661,0
7029,0
43362,0
25027,0
16667,0
37116,0
43693,0
46531,0
53334,0
4259,0
41375,0
31432,0
60850,0
58008,0
52648,0
63712,0
89080,0
37576,0
3403,0
79311,0
7760,0
56228,0
68776,0
83935,0
81866,0
62640,0
60036,0
58054,0
73531,0
33190,0
65794,0
31774,0
35674,0
71524,0
42973,0
16089,0
20190,0
4166,0
758,0
35846,0
42318,0
48311,0
2090,0
18242,0
2543,0
42869,0
58329,0
17462,0
57188,0
68806,0
43854,0
5099,0
59524,0
83150,0
68123,0
20589,0
5143,0
30295,0
21154,0
56874,0
88234,0
67248,0
37401,0
64638,0
80106,0
47737,0
30108,0
28680,0
43685,0
15588,0
88126,0
42506,0
19393,0
37677,0
84878,0
70214,0
48462,0
37777,0
5686,0
38297,0
58690,0
89102,0
83651,0
29010,0
87549,0
42608,0
65332,0
19677,0
14352,0
81379,0
16035,0
28998,0
37335,0
30801,0
6079,0
48627,0
66844,0
80245,0
39062,0
43948,0
78250,0
56006,0
51405,0
25538,0
73838,0
58221,0
8733,0
1509,0
52067,0
87761,0
38402,0
59291,0
8349,0
70228,0
46690,0
59141,0
83545,0
17365,0
58620,0
32124,0
2108,0
45714,0
59348,0
7896,0
65621,0
67510,0
71164,0
78629,0
14405,0
29236,0
20421,0
14608,0
39240,0
59596,0
40711,0
83573,0
58811,0
79453,0
88332,0
47094,0
3681,0
44506,0
61662,0
68738,0
19424,0
42,0
47810,0
56550,0
16596,0
80462,0
27071,0
51414,0
38996,0
62134,0
22234,0
40741,0
32301,0
74596,0
48333,0
13420,0
45375,0
65123,0
74585,0
3387,0
9166,0
47972,0
4010,0
63,0
32356,0
10733,0
22195,0
49525,0
74051,0
87474,0
2324,0
59787,0
10202,0
2713,0
12613,0
54638,0
33669,0
52956,0
25709,0
36324,0
47055,0
67674,0
77414,0
8197,0
78252,0
36102,0
78494,0
2451,0
19174,0
8220,0
36315,0
70429,0
56260,0
70036,0
88238,0
56042,0
20315,0
7789,0
85403,0
73958,0
55098,0
60799,0
4051,0
8811,0
57280,0
85047,0
18555,0
59176,0
39757,0
44443,0
11988,0
27533,0
44332,0
3549,0
67117,0
21647,0
64616,0
16112,0
75344,0
61889,0
74039,0
86628,0
25539,0
17731,0
44288,0
13196,0
32520,0
35045,0
1545,0
46304,0
41745,0
39840,0
68570,0
30055,0
40935,0
53114,0
79944,0
66645,0
52994,0
82452,0
80200,0
47214,0
60677,0
72665,0
62233,0
43675,0
31101,0
6443,0
60884,0
63181,0
69036,0
47595,0
10912,0
49017,0
27673,0
59604,0
28551,0
33452,0
63071,0
32363,0
70982,0
87456,0
79046,0
28876,0
39709,0
20950,0
81516,0
80827,0
83600,0
3787,0
23830,0
55613,0
23003,0
12848,0
81209,0
1824,0
54473,0
77748,0
79002,0
42865,0
18773,0
13738,0
50198,0
68658,0
58822,0
61530,0
83052,0
46283,0
16715,0
73368,0
13439,0
35022,0
19775,0
20774,0
55483,0
55267,0
57123,0
19417,0
83826,0
28256,0
44694,0
74797,0
17262,0
88794,0
83914,0
64556,0
85575,0
33492,0
52140,0
73180,0
31584,0
67949,0
28650,0
79423,0
67775,0
70263,0
20008,0
34695,0
63383,0
58352,0
67123,0
11891,0
57290,0
15295,0
63196,0
65051,0
58418,0
65408,0
77048,0
24042,0
62566,0
59698,0
35141,0
71094,0
69250,0
75962,0
77489,0
25076,0
69404,0
81399,0
8922,0
1612,0
60949,0
28328,0
23437,0
9287,0
26431,0
85443,0
26576,0
38929,0
1437,0
78267,0
52283,0
69841,0
72719,0
60266,0
47840,0
39117,0
87973,0
21157,0
77726,0
38331,0
18062,0
59936,0
23164,0
4778,0
5359,0
17453,0
409,0
82043,0
10550,0
53631,0
7489,0
69614,0
11807,0
66752,0
38755,0
58520,0
19673,0
8192,0
16567,0
87900,0
74607,0
47574,0
68127,0
1057,0
87876,0
60602,0
55069,0
43197,0
24438,0
25383,0
32226,0
16734,0
61218,0
71051,0
74945,0
54164,0
2589,0
8101,0
2915,0
2787,0
11787,0
45721,0
63592,0
19122,0
31707,0
43013,0
50364,0
55198,0
43900,0
74715,0
54050,0
24313,0
85922,0
40791,0
27789,0
80883,0
18026,0
73183,0
36381,0
21153,0
59137,0
25717,0
13498,0
59948,0
79596,0
41006,0
85472,0
37652,0
20313,0
162,0
60417,0
28191,0
87610,0
8074,0
67755,0
25714,0
53982,0
37988,0
51446,0
78595,0
21655,0
88857,0
23938,0
9558,0
8531,0
84240,0
22859,0
8359,0
88559,0
66902,0
48514,0
84799,0
8827,0
67941,0
39283,0
79435,0
12197,0
43830,0
51816,0
83083,0
41132,0
23398,0
9822,0
62391,0
30504,0
51518,0
66402,0
51173,0
79484,0
52037,0
37304,0
43254,0
76865,0
66970,0
86108,0
17087,0
16245,0
18754,0
25984,0
10563,0
69161,0
59904,0
35580,0
35898,0
28222,0
50259,0
5636,0
69147,0
68104,0
25917,0
278,0
11273,0
46667,0
37560,0
1322,0
20223,0
62648,0
35360,0
5440,0
8217,0
71006,0
71143,0
79028,0
24687,0
40829,0
66,0
63936,0
74097,0
818,0
41968,0
56116,0
19919,0
59780,0
41982,0
34586,0
54779,0
1376,0
15640,0
43997,0
88638,0
10898,0
72430,0
88201,0
29972,0
51252,0
39317,0
11115,0
42687,0
45557,0
73010,0
51079,0
34544,0
34154,0
2374,0
55898,0
70479,0
61876,0
87963,0
45465,0
79171,0
51134,0
66625,0
8016,0
50842,0
64519,0
45662,0
36289,0
88734,0
84258,0
57577,0
46907,0
68141,0
1257,0
71326,0
40260,0
14338,0
60227,0
65441,0
67280,0
14226,0
42693,0
8279,0
87902,0
67724,0
8304,0
49046,0
72239,0
36693,0
49785,0
58696,0
53949,0
78150,0
8543,0
29930,0
76204,0
60429,0
54305,0
76363,0
29585,0
73479,0
33716,0
12145,0
69538,0
53524,0
70532,0
19611,0
26785,0
36984,0
70,0
6139,0
29642,0
31402,0
21769,0
47337,0
37423,0
74978,0
28165,0
89175,0
71327,0
35714,0
11343,0
17464,0
55253,0
72222,0
27828,0
20686,0
62218,0
20271,0
25934,0
58064,0
30739,0
57395,0
60700,0
64226,0
14085,0
65260,0
28100,0
74655,0
2586,0
31273,0
19548,0
86975,0
25750,0
62305,0
49905,0
64153,0
57054,0
20113,0
37229,0
7944,0
42699,0
53751,0
44119,0
4592,0
83727,0
32106,0
88186,0
79198,0
60279,0
70953,0
15575,0
11883,0
27619,0
17467,0
80118,0
23987,0
73477,0
26101,0
6438,0
2387,0
77227,0
26693,0
86493,0
4191,0
13935,0
47124,0
40068,0
20838,0
88631,0
5274,0
59418,0
48697,0
12890,0
61971,0
44999,0
25548,0
61260,0
85733,0
83271,0
65603,0
20818,0
58549,0
81814,0
38218,0
84285,0
12181,0
88701,0
49283,0
23706,0
21036,0
46660,0
88352,0
5495,0
25643,0
48416,0
5717,0
61372,0
25497,0
5189,0
6190,0
50392,0
9182,0
31407,0
45949,0
53057,0
28532,0
14940,0
25890,0
86461,0
5430,0
72258,0
81619,0
41346,0
9276,0
49435,0
4637,0
69352,0
62393,0
74091,0
85348,0
34068,0
13170,0
85711,0
60784,0
63840,0
57928,0
12739,0
1328,0
12731,0
12232,0
42012,0
80854,0
55415,0
20205,0
69158,0
29138,0
67581,0
5305,0
30143,0
35019,0
7801,0
4642,0
72524,0
5183,0
84436,0
69782,0
70126,0
48836,0
78127,0
26070,0
18039,0
86823,0
18278,0
17308,0
72437,0
59385,0
65581,0
25039,0
41981,0
31404,0
12401,0
12247,0
46663,0
53104,0
64353,0
83361,0
75283,0
32232,0
35416,0
13402,0
9108,0
77703,0
58689,0
84818,0
43955,0
46230,0
6543,0
40586,0
6681,0
48110,0
24006,0
62897,0
57314,0
87091,0
59153,0
41897,0
21061,0
14112,0
25732,0
46075,0
65414,0
56883,0
58136,0
50558,0
47155,0
61985,0
3494,0
7419,0
65168,0
71808,0
39089,0
22786,0
8391,0
70093,0
85856,0
65702,0
22368,0
71214,0
77976,0
2554,0
21208,0
49305,0
57430,0
83193,0
5470,0
56530,0
50187,0
68254,0
1511,0
13352,0
49191,0
78449,0
5052,0
41203,0
10360,0
32254,0
41775,0
39065,0
51113,0
15583,0
29693,0
19648,0
70685,0
35167,0
47123,0
59089,0
61369,0
83687,0
5462,0
2449,0
84433,0
39164,0
64130,0
78354,0
79332,0
70085,0
53672,0
35982,0
64066,0
2056,0
5882,0
14408,0
40767,0
13156,0
40818,0
72989,0
60332,0
42074,0
14738,0
33616,0
42199,0
47134,0
1065,0
11748,0
78215,0
5858,0
86537,0
84426,0
23484,0
15643,0
80043,0
13469,0
12248,0
51353,0
41837,0
5790,0
39185,0
40278,0
26171,0
60886,0
12709,0
76728,0
28281,0
46524,0
33199,0
72743,0
59746,0
25093,0
27957,0
76338,0
62931,0
24621,0
76238,0
67824,0
71745,0
53458,0
44294,0
66994,0
42025,0
60734,0
85394,0
84443,0
22723,0
38422,0
4334,0
67187,0
41571,0
65832,0
86392,0
29886,0
5485,0
34018,0
2694,0
70512,0
25444,0
81435,0
73034,0
79702,0
87393,0
55157,0
39327,0
86473,0
5323,0
44783,0
52834,0
23710,0
52833,0
46327,0
60405,0
8115,0
7116,0
28318,0
17744,0
36542,0
19931,0
20254,0
32609,0
8722,0
66442,0
53176,0
70524,0
31750,0
43851,0
51254,0
6522,0
47606,0
3430,0
88884,0
76509,0
10444,0
39918,0
81479,0
82795,0
21746,0
82631,0
19656,0
49794,0
15663,0
25985,0
10524,0
28772,0
81887,0
78732,0
38446,0
33501,0
18585,0
17096,0
85353,0
79606,0
14811,0
9935,0
3845,0
50676,0
44823,0
46528,0
27885,0
22490,0
75553,0
43864,0
23125,0
33179,0
29256,0
59485,0
12889,0
78172,0
75270,0
18912,0
35617,0
43152,0
21458,0
85241,0
45278,0
37186,0
3250,0
70706,0
75683,0
26668,0
54434,0
10896,0
53649,0
2587,0
4150,0
25362,0
80286,0
28601,0
29136,0
38111,0
79174,0
59589,0
44732,0
12616,0
50502,0
38471,0
84959,0
9711,0
15102,0
31399,0
6194,0
73675,0
2425,0
70260,0
54817,0
13147,0
49538,0
40590,0
73551,0
61258,0
24051,0
22544,0
14039,0
3349,0
52218,0
67519,0
26480,0
18757,0
53505,0
56527,0
75709,0
13374,0
38501,0
61688,0
28322,0
68195,0
18540,0
1016,0
6893,0
48756,0
85899,0
36496,0
57173,0
16552,0
81394,0
12210,0
64626,0
19872,0
63970,0
49123,0
34737,0
7247,0
20759,0
40804,0
85365,0
52152,0
20149,0
22561,0
234,0
49263,0
23115,0
67109,0
12736,0
17999,0
33730,0
88790,0
68454,0
83253,0
36857,0
50114,0
19071,0
3923,0
44891,0
20029,0
2295,0
79357,0
3213,0
36945,0
86882,0
65350,0
26128,0
50428,0
82488,0
71507,0
45602,0
40700,0
85319,0
67460,0
3216,0
48693,0
76081,0
34706,0
25200,0
25670,0
71512,0
40738,0
87490,0
88589,0
14153,0
87547,0
6853,0
72427,0
29760,0
87729,0
26307,0
6361,0
83289,0
9218,0
57300,0
50285,0
43805,0
46013,0
15425,0
37579,0
9975,0
6713,0
41592,0
106,0
7678,0
57121,0
31944,0
71056,0
43055,0
57283,0
40140,0
80595,0
18176,0
914,0
79128,0
79440,0
20184,0
40122,0
24413,0
8758,0
3388,0
65711,0
31217,0
77952,0
2041,0
78295,0
69838,0
22976,0
64159,0
71317,0
13102,0
74181,0
32817,0
67032,0
5154,0
22742,0
2405,0
23052,0
63019,0
72144,0
14388,0
48066,0
67400,0
3225,0
3614,0
2821,0
86261,0
65063,0
89167,0
41828,0
79663,0
79157,0
60640,0
17979,0
41152,0
15684,0
56097,0
31371,0
41403,0
21939,0
36745,0
16045,0
17801,0
26014,0
49485,0
17924,0
25877,0
4576,0
42813,0
79442,0
29428,0
62528,0
80312,0
7036,0
65770,0
19484,0
67608,0
49898,0
4675,0
63710,0
9907,0
78357,0
15062,0
50922,0
24095,0
28566,0
22896,0
48666,0
85635,0
9187,0
66338,0
42612,0
12187,0
26086,0
6577,0
30723,0
62994,0
74287,0
39465,0
41699,0
27467,0
26280,0
17931,0
46040,0
58973,0
80227,0
10187,0
26377,0
53021,0
10869,0
57328,0
11253,0
65565,0
51708,0
70586,0
34215,0
12482,0
2040,0
4481,0
55224,0
4790,0
4027,0
77092,0
39161,0
52139,0
29015,0
12902,0
1200,0
49921,0
57610,0
20772,0
27270,0
39947,0
42634,0
69707,0
80408,0
42898,0
3921,0
23105,0
3509,0
51103,0
25443,0
21854,0
82962,0
15880,0
54073,0
71238,0
63912,0
80978,0
73044,0
77962,0
30984,0
12239,0
31871,0
78948,0
89103,0
25747,0
13691,0
29332,0
30784,0
74784,0
24441,0
32428,0
66413,0
26144,0
25736,0
60249,0
35238,0
10920,0
20926,0
44068,0
41604,0
84318,0
37106,0
52265,0
41583,0
32715,0
67484,0
25097,0
13031,0
75139,0
72201,0
7014,0
81632,0
88408,0
73790,0
80401,0
86625,0
68885,0
62716,0
64273,0
30414,0
19796,0
53731,0
61543,0
62052,0
666,0
32240,0
58314,0
32875,0
82614,0
10635,0
81645,0
28445,0
38824,0
63929,0
43556,0
2935,0
44000,0
83446,0
70157,0
66868,0
27469,0
5988,0
28067,0
22970,0
19973,0
16170,0
37806,0
33369,0
12885,0
13346,0
72958,0
49244,0
36246,0
14698,0
30215,0
57723,0
57042,0
61815,0
9908,0
88362,0
32403,0
37931,0
86614,0
28132,0
39873,0
23577,0
61642,0
9261,0
85915,0
31132,0
64603,0
32614,0
16640,0
33619,0
48602,0
39483,0
80943,0
76045,0
74759,0
3683,0
30332,0
9883,0
83820,0
47614,0
72841,0
45777,0
62038,0
75784,0
85288,0
53113,0
71877,0
9253,0
50840,0
55856,0
51165,0
5911,0
19769,0
45466,0
30095,0
44181,0
31640,0
49561,0
88484,0
4742,0
46824,0
33462,0
46168,0
67873,0
40377,0
11890,0
8870,0
69156,0
5158,0
26777,0
45516,0
40026,0
65017,0
24543,0
73167,0
6644,0
88119,0
62224,0
11177,0
38472,0
5327,0
32803,0
64474,0
29039,0
44561,0
49324,0
44238,0
12555,0
44695,0
62356,0
23388,0
41534,0
65714,0
33890,0
6025,0
52429,0
66658,0
84491,0
10071,0
74023,0
47329,0
28443,0
39061,0
84623,0
66307,0
45689,0
51459,0
10921,0
84115,0
78410,0
81972,0
9395,0
28347,0
86546,0
71264,0
21641,0
79990,0
85849,0
79610,0
4515,0
30779,0
71655,0
18581,0
86402,0
20943,0
13602,0
11420,0
23930,0
3600,0
15259,0
80723,0
43853,0
58966,0
52324,0
70432,0
68967,0
55570,0
32394,0
24497,0
34518,0
69362,0
86418,0
21940,0
30877,0
35095,0
72749,0
24486,0
30520,0
49981,0
13062,0
46202,0
52322,0
1461,0
66362,0
67064,0
62694,0
73652,0
43166,0
56276,0
57845,0
422,0
51399,0
57959,0
18572,0
80558,0
10697,0
38908,0
48018,0
4640,0
7472,0
19777,0
38326,0
25495,0
50972,0
7120,0
12149,0
65700,0
62069,0
18629,0
30768,0
21103,0
39442,0
35528,0
19418,0
20049,0
26985,0
13544,0
35244,0
22393,0
22813,0
660,0
16740,0
45835,0
46710,0
31071,0
10681,0
27902,0
1265,0
76113,0
23860,0
88904,0
37166,0
845,0
43759,0
5871,0
42719,0
61744,0
63652,0
29200,0
59678,0
45377,0
47069,0
66888,0
59640,0
59645,0
15475,0
44551,0
43588,0
75020,0
37565,0
20691,0
66435,0
20365,0
10730,0
85798,0
46458,0
7970,0
33318,0
74843,0
31552,0
84540,0
39326,0
51622,0
33825,0
60932,0
39093,0
36473,0
66712,0
73106,0
61518,0
51912,0
23823,0
68579,0
32777,0
69130,0
37663,0
71613,0
68139,0
19665,0
24074,0
58889,0
74165,0
52571,0
20724,0
35149,0
67591,0
34118,0
47560,0
13692,0
75109,0
38442,0
15533,0
85786,0
10732,0
8183,0
35375,0
84797,0
50982,0
58816,0
72767,0
33183,0
73021,0
60174,0
70301,0
53625,0
9618,0
85118,0
44671,0
80941,0
71796,0
27191,0
45785,0
45954,0
51797,0
8036,0
40574,0
76263,0
89183,0
38292,0
59617,0
63102,0
77686,0
14074,0
9264,0
8859,0
6652,0
30566,0
75660,0
32703,0
79123,0
10487,0
166,0
80008,0
983,0
65608,0
69969,0
43777,0
76391,0
36436,0
80705,0
43053,0
56005,0
65687,0
50083,0
57983,0
83493,0
16973,0
11852,0
17029,0
38984,0
910,0
81726,0
38382,0
48520,0
34768,0
33622,0
65473,0
13690,0
43151,0
84614,0
80189,0
75187,0
18346,0
84893,0
62374,0
40666,0
46345,0
80412,0
30286,0
40440,0
63663,0
16827,0
38079,0
64900,0
36569,0
39422,0
50317,0
29,0
27019,0
77122,0
84162,0
28825,0
82696,0
15317,0
38482,0
7119,0
31211,0
27905,0
31600,0
4724,0
41195,0
47789,0
36979,0
29070,0
42209,0
56529,0
61810,0
19902,0
64928,0
50281,0
60195,0
29762,0
1473,0
42644,0
10462,0
17730,0
49056,0
77750,0
32889,0
63595,0
37384,0
56780,0
83850,0
41419,0
20011,0
62182,0
7610,0
71752,0
15491,0
68124,0
39910,0
73613,0
56694,0
62804,0
57892,0
13968,0
62222,0
46812,0
41222,0
28202,0
48336,0
39280,0
37846,0
80466,0
20634,0
1692,0
4794,0
544,0
56672,0
71017,0
74441,0
25499,0
6724,0
36534,0
7506,0
43730,0
5346,0
16934,0
64929,0
44415,0
25141,0
8740,0
47575,0
71999,0
24206,0
22825,0
16016,0
76837,0
39455,0
38579,0
3863,0
24047,0
79212,0
28166,0
46214,0
52418,0
59587,0
79394,0
29123,0
15483,0
75384,0
27606,0
14627,0
63441,0
32717,0
40461,0
15158,0
74835,0
74587,0
56599,0
83586,0
77471,0
68333,0
82163,0
13337,0
8473,0
47010,0
10032,0
86805,0
54096,0
67644,0
55362,0
61945,0
88014,0
26491,0
87287,0
42178,0
30169,0
4620,0
17168,0
3648,0
52463,0
86889,0
56484,0
86875,0
79058,0
668,0
21821,0
39214,0
41881,0
26672,0
4033,0
46820,0
82107,0
15114,0
46553,0
65782,0
84206,0
6892,0
40787,0
56457,0
65306,0
3701,0
25518,0
49574,0
14920,0
45289,0
25642,0
28274,0
1520,0
1882,0
2403,0
27090,0
53063,0
62415,0
37564,0
55099,0
63051,0
78987,0
19529,0
41433,0
42104,0
46911,0
77786,0
5931,0
15611,0
65789,0
61346,0
36229,0
48545,0
54331,0
82069,0
32568,0
88712,0
25392,0
69105,0
73917,0
19290,0
55054,0
37633,0
9057,0
22889,0
36896,0
48099,0
39394,0
80474,0
51470,0
4346,0
12290,0
58672,0
84489,0
1318,0
56956,0
38693,0
82863,0
75088,0
32926,0
60388,0
19217,0
9086,0
82588,0
10707,0
50924,0
65977,0
24864,0
86789,0
38193,0
14290,0
3357,0
47250,0
7600,0
37985,0
74683,0
51811,0
28608,0
43716,0
5244,0
74248,0
79836,0
25314,0
21783,0
63516,0
45752,0
23386,0
5922,0
55016,0
47038,0
45462,0
61169,0
18255,0
52590,0
79815,0
33583,0
5467,0
50457,0
78975,0
86035,0
81754,0
3733,0
65666,0
27413,0
32881,0
78905,0
53233,0
3523,0
22670,0
82953,0
22099,0
61104,0
20811,0
11977,0
56589,0
43922,0
31922,0
78112,0
36365,0
60846,0
50612,0
9185,0
10135,0
56971,0
30308,0
25223,0
35824,0
47327,0
267,0
40687,0
71258,0
48207,0
18786,0
20687,0
1420,0
53676,0
37687,0
64802,0
46460,0
29228,0
82161,0
61276,0
57608,0
58642,0
21532,0
52223,0
7648,0
8960,0
10644,0
6055,0
19100,0
72879,0
31520,0
22892,0
66514,0
72640,0
85674,0
58049,0
13674,0
40748,0
2684,0
78868,0
6638,0
771,0
69759,0
81761,0
57844,0
28467,0
75402,0
29167,0
29551,0
49346,0
28252,0
77531,0
6977,0
23708,0
73267,0
45628,0
51355,0
39078,0
47102,0
57620,0
59244,0
13670,0
73367,0
61611,0
21473,0
85081,0
64370,0
38942,0
6597,0
71993,0
27676,0
12612,0
27146,0
40034,0
2356,0
600,0
85645,0
11462,0
48413,0
27635,0
4423,0
1365,0
74018,0
81841,0
53313,0
6393,0
86239,0
48642,0
39916,0
81398,0
79302,0
75534,0
25145,0
28807,0
43257,0
29059,0
75016,0
85781,0
11936,0
68213,0
74117,0
64618,0
85670,0
71627,0
49640,0
52736,0
69482,0
27517,0
75899,0
76685,0
13235,0
71652,0
27782,0
78765,0
74935,0
79016,0
11979,0
75265,0
26082,0
81326,0
79658,0
50062,0
15970,0
35051,0
29453,0
50051,0
47436,0
68753,0
65901,0
34444,0
43253,0
73438,0
46046,0
46895,0
25933,0
36141,0
33107,0
86872,0
15432,0
62372,0
85474,0
679,0
38345,0
75277,0
72716,0
55447,0
41586,0
54450,0
31837,0
23747,0
57788,0
20455,0
42730,0
8916,0
78249,0
33721,0
63641,0
67247,0
38010,0
23629,0
86800,0
9831,0
15344,0
53242,0
27139,0
38919,0
44126,0
46314,0
22365,0
62186,0
71002,0
11850,0
54275,0
54008,0
73526,0
15190,0
55432,0
15053,0
56993,0
45583,0
18214,0
88912,0
20093,0
11349,0
46379,0
3256,0
39432,0
4320,0
3074,0
599,0
62589,0
87757,0
51590,0
548,0
75314,0
72234,0
66733,0
80055,0
79333,0
65737,0
50729,0
16391,0
23815,0
43241,0
32288,0
12748,0
25699,0
74772,0
78360,0
49952,0
20001,0
84981,0
45773,0
23092,0
88608,0
16783,0
88062,0
797,0
32432,0
80743,0
88134,0
25618,0
52684,0
4584,0
60065,0
73000,0
30068,0
13081,0
3120,0
9673,0
80534,0
65960,0
40458,0
72343,0
50005,0
31510,0
6584,0
57980,0
68039,0
37542,0
79050,0
14293,0
53937,0
53770,0
37159,0
40485,0
45871,0
74864,0
287,0
47037,0
83412,0
10864,0
77070,0
17690,0
2516,0
79806,0
29932,0
16866,0
26244,0
28438,0
18756,0
65787,0
70832,0
65420,0
81536,0
73667,0
50324,0
36839,0
15781,0
69883,0
58491,0
60102,0
39174,0
43739,0
52490,0
74427,0
74573,0
37628,0
23570,0
3071,0
16750,0
15780,0
80415,0
1054,0
37925,0
45255,0
81867,0
13261,0
61860,0
85860,0
50443,0
61477,0
63600,0
30007,0
53730,0
57530,0
7879,0
35801,0
79710,0
87012,0
14402,0
65685,0
56272,0
26877,0
28319,0
75033,0
52216,0
75019,0
69948,0
60005,0
61262,0
1211,0
78796,0
26969,0
20982,0
43096,0
5259,0
38011,0
11530,0
22057,0
15472,0
29507,0
19603,0
18577,0
33495,0
21282,0
52779,0
79941,0
8496,0
47588,0
33905,0
35422,0
59937,0
42673,0
20577,0
68713,0
56241,0
50549,0
86852,0
29743,0
78585,0
81150,0
46376,0
42202,0
26816,0
73715,0
50231,0
16157,0
25891,0
76804,0
61701,0
83613,0
77671,0
29253,0
78593,0
18992,0
83153,0
87305,0
80168,0
21823,0
58496,0
40525,0
71828,0
66089,0
71758,0
56319,0
48033,0
50636,0
28600,0
69042,0
4367,0
87167,0
62260,0
16768,0
84464,0
48073,0
32353,0
25937,0
21009,0
16142,0
35624,0
85314,0
5576,0
77910,0
30770,0
17625,0
42851,0
78149,0
2181,0
28221,0
49968,0
19223,0
64552,0
67380,0
61564,0
79920,0
86346,0
68622,0
26042,0
5012,0
12895,0
75046,0
16880,0
56125,0
77915,0
80513,0
82603,0
31987,0
83855,0
59810,0
15336,0
47448,0
22220,0
51391,0
9728,0
20622,0
12760,0
35444,0
65204,0
81447,0
72307,0
77685,0
65753,0
58308,0
82919,0
20606,0
71731,0
82001,0
68332,0
15622,0
23315,0
74330,0
86985,0
33273,0
41614,0
50817,0
22135,0
26832,0
72225,0
52617,0
83790,0
84968,0
56925,0
30202,0
45974,0
43042,0
35660,0
35130,0
5328,0
22752,0
416,0
70156,0
68094,0
85212,0
83092,0
35813,0
35634,0
86326,0
26747,0
42606,0
46242,0
15435,0
52487,0
14683,0
62791,0
36008,0
85025,0
59078,0
3007,0
42011,0
78544,0
34023,0
71240,0
6329,0
76775,0
60129,0
49813,0
29031,0
87721,0
65686,0
85947,0
44228,0
5521,0
72942,0
55351,0
16689,0
76750,0
53003,0
29441,0
62209,0
53837,0
81145,0
52713,0
4718,0
35797,0
52674,0
39145,0
63005,0
66746,0
22235,0
36815,0
59952,0
26560,0
47966,0
58743,0
86221,0
32262,0
43422,0
26508,0
87728,0
34265,0
7192,0
58673,0
60338,0
86009,0
35785,0
83249,0
6078,0
16214,0
20253,0
75491,0
28961,0
10861,0
80885,0
240,0
73237,0
24036,0
61151,0
15882,0
61330,0
77590,0
7943,0
43316,0
52611,0
8694,0
3823,0
64524,0
11976,0
3417,0
36943,0
75947,0
66075,0
31542,0
68020,0
78014,0
79118,0
3678,0
73208,0
64296,0
34380,0
70392,0
80089,0
80198,0
9300,0
43212,0
33656,0
30342,0
57885,0
75169,0
7154,0
19843,0
56356,0
67708,0
61044,0
61270,0
26906,0
74219,0
75583,0
52389,0
28357,0
57621,0
32045,0
3822,0
50491,0
18389,0
1087,0
80916,0
65342,0
2789,0
80225,0
68543,0
78970,0
28488,0
51651,0
24736,0
5456,0
62650,0
208,0
28937,0
56812,0
65025,0
5670,0
38682,0
32855,0
2046,0
79603,0
60022,0
44706,0
54466,0
50134,0
45114,0
85539,0
26013,0
67316,0
36710,0
58367,0
68012,0
6187,0
32449,0
56339,0
72819,0
17899,0
81473,0
41125,0
51227,0
74712,0
84353,0
32146,0
30374,0
63972,0
37512,0
45070,0
53375,0
1346,0
23318,0
1273,0
34860,0
62991,0
84423,0
64636,0
74172,0
69366,0
32111,0
84126,0
15539,0
40290,0
37792,0
43519,0
63119,0
65589,0
63207,0
41970,0
64713,0
63362,0
78251,0
4975,0
68495,0
28148,0
53370,0
9153,0
44305,0
29829,0
86443,0
54688,0
49393,0
73035,0
56268,0
54396,0
73413,0
80750,0
63442,0
25394,0
55675,0
9235,0
71518,0
11600,0
16048,0
24516,0
14796,0
83374,0
49822,0
65369,0
76232,0
10573,0
63272,0
35401,0
40668,0
21583,0
54232,0
82418,0
42591,0
6364,0
48352,0
86815,0
63256,0
31857,0
68853,0
56631,0
57894,0
80651,0
68207,0
54739,0
58379,0
61384,0
8666,0
80302,0
54678,0
57414,0
26257,0
58987,0
43103,0
66102,0
54179,0
28898,0
41461,0
75789,0
55671,0
82319,0
62296,0
3033,0
23342,0
88899,0
46787,0
55500,0
49527,0
67671,0
76027,0
46863,0
57488,0
48408,0
7276,0
46604,0
14502,0
39085,0
11854,0
21072,0
19228,0
64101,0
62258,0
56472,0
79479,0
29894,0
24457,0
52498,0
76203,0
88194,0
22540,0
9198,0
21469,0
54654,0
40953,0
71428,0
75986,0
37365,0
63977,0
55459,0
21865,0
316,0
44065,0
36101,0
18325,0
18542,0
52219,0
84123,0
82067,0
5741,0
88150,0
16090,0
43357,0
16630,0
82085,0
3268,0
64652,0
27496,0
84172,0
55044,0
42623,0
1637,0
34109,0
66366,0
78480,0
37556,0
49568,0
60037,0
72517,0
48684,0
74976,0
83532,0
62292,0
15407,0
41653,0
31890,0
43007,0
8583,0
15543,0
7,0
36059,0
50906,0
65725,0
83207,0
34736,0
60020,0
87889,0
79411,0
80570,0
83069,0
29620,0
19890,0
80059,0
44629,0
87683,0
65542,0
42084,0
31338,0
44560,0
88814,0
38456,0
80720,0
42615,0
37358,0
87111,0
89275,0
56945,0
36734,0
55512,0
40529,0
87959,0
2681,0
56764,0
18887,0
72178,0
17654,0
7737,0
2926,0
19415,0
25168,0
80293,0
80880,0
6514,0
